-- phpMyAdmin SQL Dump
-- version 5.2.1
-- https://www.phpmyadmin.net/
--
-- Host: 127.0.0.1
-- Generation Time: Jun 05, 2026 at 07:44 PM
-- Server version: 10.4.32-MariaDB
-- PHP Version: 8.2.12

SET SQL_MODE = "NO_AUTO_VALUE_ON_ZERO";
START TRANSACTION;
SET time_zone = "+00:00";


/*!40101 SET @OLD_CHARACTER_SET_CLIENT=@@CHARACTER_SET_CLIENT */;
/*!40101 SET @OLD_CHARACTER_SET_RESULTS=@@CHARACTER_SET_RESULTS */;
/*!40101 SET @OLD_COLLATION_CONNECTION=@@COLLATION_CONNECTION */;
/*!40101 SET NAMES utf8mb4 */;

--
-- Database: `movie_catalog`
--

-- --------------------------------------------------------

--
-- Table structure for table `actors`
--

CREATE TABLE `actors` (
  `id` int(11) NOT NULL,
  `actor_name` varchar(100) NOT NULL,
  `gender` enum('Laki-laki','Perempuan') NOT NULL,
  `birth_date` date DEFAULT NULL
) ENGINE=InnoDB DEFAULT CHARSET=utf8mb4 COLLATE=utf8mb4_general_ci;

--
-- Dumping data for table `actors`
--

INSERT INTO `actors` (`id`, `actor_name`, `gender`, `birth_date`) VALUES
(1, 'Actor Update', 'Laki-laki', NULL),
(2, 'Veronika Zhuravleva', 'Perempuan', NULL),
(3, 'Ivan Trushin', 'Laki-laki', NULL),
(4, 'Sam Worthington', 'Laki-laki', NULL),
(5, 'Zoe Saldaña', 'Perempuan', NULL),
(6, 'Sigourney Weaver', 'Perempuan', NULL),
(7, 'Piper Curda', 'Perempuan', NULL),
(8, 'Bobby Moynihan', 'Laki-laki', NULL),
(9, 'Jon Hamm', 'Laki-laki', NULL),
(10, 'Chris Hemsworth', 'Laki-laki', NULL),
(11, 'Mark Ruffalo', 'Laki-laki', NULL),
(12, 'Halle Berry', 'Perempuan', NULL),
(13, 'James Marsden', 'Laki-laki', NULL),
(14, 'Vince Vaughn', 'Laki-laki', NULL),
(15, 'Eiza González', 'Perempuan', NULL),
(16, 'Reza Rahadian', 'Laki-laki', NULL),
(18, 'Actor Testing', 'Laki-laki', NULL),
(23, 'Michael Johnston', 'Laki-laki', NULL),
(24, 'Inde Navarrette', 'Perempuan', NULL),
(25, 'Cooper Tomlinson', 'Laki-laki', NULL),
(26, 'Megan Lawless', 'Perempuan', NULL),
(27, 'Andy Richter', 'Laki-laki', NULL),
(28, 'Jack Reynor', 'Laki-laki', NULL),
(29, 'Laia Costa', 'Perempuan', NULL),
(30, 'May Calamawy', 'Perempuan', NULL),
(31, 'Natalie Grace', 'Perempuan', NULL),
(32, 'Shylo Molina', 'Laki-laki', NULL),
(33, 'Dhanush', 'Laki-laki', NULL),
(34, 'Mamitha Baiju', 'Perempuan', NULL),
(35, 'K. S. Ravikumar', 'Laki-laki', NULL),
(36, 'Suraj Venjaramoodu', 'Laki-laki', NULL),
(37, 'Karunas', 'Laki-laki', NULL),
(38, 'John Krasinski', 'Laki-laki', NULL),
(39, 'Wendell Pierce', 'Laki-laki', NULL),
(40, 'Sienna Miller', 'Perempuan', NULL),
(41, 'Michael Kelly', 'Laki-laki', NULL),
(42, 'Max Beesley', 'Laki-laki', NULL),
(43, 'Chiwetel Ejiofor', 'Laki-laki', NULL),
(44, 'Renate Reinsve', 'Perempuan', NULL),
(45, 'Mark Duplass', 'Laki-laki', NULL),
(46, 'Finn Bennett', 'Laki-laki', NULL),
(47, 'Lukita Maxwell', 'Perempuan', NULL),
(48, 'Jon Bernthal', 'Laki-laki', NULL),
(49, 'Deborah Ann Woll', 'Perempuan', NULL),
(50, 'Jason R. Moore', 'Laki-laki', NULL),
(51, 'Judith Light', 'Perempuan', NULL),
(52, 'Kelli Barrett', 'Perempuan', NULL),
(53, 'Ryan Gosling', 'Laki-laki', NULL),
(54, 'Sandra Hüller', 'Perempuan', NULL),
(55, 'James Ortiz', 'Laki-laki', NULL),
(56, 'Lionel Boyce', 'Laki-laki', NULL),
(57, 'Milana Vayntrub', 'Perempuan', NULL),
(58, 'Chris Pratt', 'Laki-laki', NULL),
(59, 'Anya Taylor-Joy', 'Perempuan', NULL),
(60, 'Charlie Day', 'Laki-laki', NULL),
(61, 'Jack Black', 'Laki-laki', NULL),
(62, 'Donald Glover', 'Laki-laki', NULL),
(63, 'Ranveer Singh', 'Laki-laki', NULL),
(64, 'Arjun Rampal', 'Laki-laki', NULL),
(65, 'R. Madhavan', 'Laki-laki', NULL),
(66, 'Sanjay Dutt', 'Laki-laki', NULL),
(67, 'Sara Arjun', 'Perempuan', NULL),
(68, 'Michael B. Jordan', 'Laki-laki', NULL),
(69, 'Juno Temple', 'Perempuan', NULL),
(70, 'Tracy Morgan', 'Laki-laki', NULL),
(71, 'Cedric the Entertainer', 'Laki-laki', NULL),
(72, 'Justina Machado', 'Perempuan', NULL),
(73, 'Daniel Vegas', 'Laki-laki', NULL),
(74, 'Maksim Saprykin', 'Laki-laki', NULL),
(75, 'Alya Mayer', 'Perempuan', NULL),
(76, 'Keanu Reeves', 'Laki-laki', NULL),
(77, 'Laurence Fishburne', 'Laki-laki', NULL),
(78, 'Carrie-Anne Moss', 'Perempuan', NULL),
(79, 'Hugo Weaving', 'Laki-laki', NULL),
(80, 'Gloria Foster', 'Perempuan', NULL),
(81, 'Antony Varghese', 'Laki-laki', NULL),
(82, 'Sunil Varma', 'Laki-laki', NULL),
(83, 'Dushara Vijayan', 'Perempuan', NULL),
(84, 'Jagadish', 'Laki-laki', NULL),
(85, 'Kabir Duhan Singh', 'Laki-laki', NULL),
(86, 'Ananya Panday', 'Perempuan', NULL),
(87, 'Lakshya Lalwani', 'Laki-laki', NULL),
(88, 'Aastha Singh', 'Laki-laki', NULL),
(89, 'Paresh Pahuja', 'Laki-laki', NULL),
(90, 'Manish Chaudhary', 'Laki-laki', NULL),
(91, 'Jackie Chan', 'Laki-laki', NULL),
(92, 'Zhang Zifeng', 'Perempuan', NULL),
(93, 'Tony Leung Ka-fai', 'Laki-laki', NULL),
(94, 'Ci Sha', 'Laki-laki', NULL),
(95, 'Jun', 'Laki-laki', NULL),
(96, 'Adam Scott', 'Laki-laki', NULL),
(97, 'Peter Coonan', 'Laki-laki', NULL),
(98, 'David Wilmot', 'Laki-laki', NULL),
(99, 'Florence Ordesh', 'Perempuan', NULL),
(100, 'Will O\'Connell', 'Laki-laki', NULL),
(101, 'Mark Fischbach', 'Laki-laki', NULL),
(102, 'Caroline Kaplan', 'Perempuan', NULL),
(103, 'Troy Baker', 'Laki-laki', NULL),
(104, 'Elsie Lovelock', 'Perempuan', NULL),
(105, 'Elle LaMont', 'Perempuan', NULL),
(106, 'Henry Cavill', 'Laki-laki', NULL),
(107, 'Jake Gyllenhaal', 'Laki-laki', NULL),
(108, 'Carlos Bardem', 'Laki-laki', NULL),
(109, 'Michael Vu', 'Laki-laki', NULL),
(110, 'David Wayman', 'Laki-laki', NULL),
(111, 'Sian Altman', 'Perempuan', NULL),
(112, 'May Kelly', 'Perempuan', NULL),
(113, 'Ocean M Harris', 'Laki-laki', NULL),
(114, 'Valis Volkova', 'Perempuan', NULL),
(115, 'Stephen Lang', 'Laki-laki', NULL),
(116, 'Oona Chaplin', 'Perempuan', NULL),
(117, 'Sudeepa', 'Laki-laki', NULL),
(118, 'Deepshika Umapathy', 'Perempuan', NULL),
(119, 'Naveen Chandra', 'Laki-laki', NULL),
(120, 'Shine Tom Chacko', 'Laki-laki', NULL),
(121, 'Yogi Babu', 'Laki-laki', NULL),
(122, 'Charlotte Gainsbourg', 'Perempuan', NULL),
(123, 'Stellan Skarsgård', 'Laki-laki', NULL),
(124, 'Stacy Martin', 'Perempuan', NULL),
(125, 'Shia LaBeouf', 'Laki-laki', NULL),
(126, 'Willem Dafoe', 'Laki-laki', NULL),
(127, 'Karl Urban', 'Laki-laki', NULL),
(128, 'Adeline Rudolph', 'Perempuan', NULL),
(129, 'Jessica McNamee', 'Perempuan', NULL),
(130, 'Josh Lawson', 'Laki-laki', NULL),
(131, 'Martyn Ford', 'Laki-laki', NULL),
(132, 'Chikako Aoyama', 'Perempuan', NULL),
(133, 'Joe Yamanaka', 'Laki-laki', NULL),
(134, 'Shingo Kazami', 'Laki-laki', NULL),
(135, 'Chiharu Iwamoto', 'Perempuan', NULL),
(136, 'Tatsuo Yamada', 'Laki-laki', NULL),
(137, 'Ayushmann Khurrana', 'Laki-laki', NULL),
(138, 'Wamiqa Gabbi', 'Perempuan', NULL),
(139, 'Rakul Preet Singh', 'Perempuan', NULL),
(140, 'Sara Ali Khan', 'Perempuan', NULL),
(141, 'Vijay Raaz', 'Laki-laki', NULL),
(142, 'Suriya', 'Laki-laki', NULL),
(143, 'Trisha Krishnan', 'Perempuan', NULL),
(144, 'RJ Balaji', 'Laki-laki', NULL),
(145, 'Indrans', 'Laki-laki', NULL),
(146, 'Anagha Maya Ravi', 'Perempuan', NULL),
(147, 'Pedro Pascal', 'Laki-laki', NULL),
(148, 'Jeremy Allen White', 'Laki-laki', NULL),
(149, 'Brendan Wayne', 'Laki-laki', NULL),
(150, 'Lateef Crowder', 'Laki-laki', NULL),
(151, 'Meryl Streep', 'Perempuan', NULL),
(152, 'Anne Hathaway', 'Perempuan', NULL),
(153, 'Emily Blunt', 'Perempuan', NULL),
(154, 'Stanley Tucci', 'Laki-laki', NULL),
(155, 'Simon Baker', 'Laki-laki', NULL),
(156, 'Samara Weaving', 'Perempuan', NULL),
(157, 'Jason Segel', 'Laki-laki', NULL),
(158, 'Paul Guilfoyle', 'Laki-laki', NULL),
(159, 'Timothy Olyphant', 'Laki-laki', NULL),
(160, 'Keith Jardine', 'Laki-laki', NULL),
(161, 'Nathalie Nell', 'Perempuan', NULL),
(162, 'Alain Fourès', 'Laki-laki', NULL),
(163, 'Michèle Simonnet', 'Perempuan', NULL),
(164, 'Pierre Arditi', 'Laki-laki', NULL),
(165, 'Daniel Auteuil', 'Laki-laki', NULL),
(166, 'Lewis Tan', 'Laki-laki', NULL),
(167, 'Mehcad Brooks', 'Laki-laki', NULL),
(168, 'Ludi Lin', 'Laki-laki', NULL),
(169, 'Kathy Najimy', 'Perempuan', NULL),
(170, 'Dave Franco', 'Laki-laki', NULL),
(171, 'Christine Bermas', 'Perempuan', NULL),
(172, 'Gold Aceron', 'Laki-laki', NULL),
(173, 'VR Relosa', 'Laki-laki', NULL),
(174, 'Josh Ivan Morales', 'Laki-laki', NULL),
(175, 'Sahil Khan', 'Laki-laki', NULL),
(176, 'Jeremy Irons', 'Laki-laki', NULL),
(177, 'Juliette Binoche', 'Perempuan', NULL),
(178, 'Miranda Richardson', 'Perempuan', NULL),
(179, 'Rupert Graves', 'Laki-laki', NULL),
(180, 'Peter Stormare', 'Laki-laki', NULL),
(181, 'Natsuki Ozawa', 'Perempuan', NULL),
(182, 'Saori Iwama', 'Perempuan', NULL),
(183, 'Kane Kosugi', 'Laki-laki', NULL),
(184, 'Hiroyuki Watari', 'Laki-laki', NULL),
(185, 'Tomomi Miyauchi', 'Perempuan', NULL),
(186, 'Natsuki Hanae', 'Laki-laki', NULL),
(187, 'Takahiro Sakurai', 'Laki-laki', NULL),
(188, 'Akira Ishida', 'Laki-laki', NULL),
(189, 'Hiro Shimono', 'Laki-laki', NULL),
(190, 'Yoshimasa Hosoya', 'Laki-laki', NULL),
(191, 'Orphée Ladouceur-Nguyen', 'Perempuan', NULL),
(192, 'Alain Moussi', 'Laki-laki', NULL),
(193, 'Tim Rozon', 'Laki-laki', NULL),
(194, 'Finn McCager Higgins', 'Laki-laki', NULL),
(195, 'Lisa Berry', 'Perempuan', NULL),
(196, 'Charlize Theron', 'Perempuan', NULL),
(197, 'Taron Egerton', 'Laki-laki', NULL),
(198, 'Eric Bana', 'Laki-laki', NULL),
(199, 'Caitlin Stasey', 'Perempuan', NULL),
(200, 'Bessie Holland', 'Perempuan', NULL),
(201, 'Caleb McLaughlin', 'Laki-laki', NULL),
(202, 'Gabrielle Union', 'Perempuan', NULL),
(203, 'Stephen Curry', 'Laki-laki', NULL),
(204, 'Aaron Pierre', 'Laki-laki', NULL),
(205, 'Nicola Coughlan', 'Perempuan', NULL),
(206, 'Jaafar Jackson', 'Laki-laki', NULL),
(207, 'Colman Domingo', 'Laki-laki', NULL),
(208, 'Nia Long', 'Perempuan', NULL),
(209, 'Juliano Krue Valdi', 'Laki-laki', NULL),
(210, 'Miles Teller', 'Laki-laki', NULL),
(211, 'Nicholas Galitzine', 'Laki-laki', NULL),
(212, 'Idris Elba', 'Laki-laki', NULL),
(213, 'Jared Leto', 'Laki-laki', NULL),
(214, 'Camila Mendes', 'Perempuan', NULL),
(215, 'James Purefoy', 'Laki-laki', NULL),
(216, 'Alia Bhatt', 'Perempuan', NULL),
(217, 'Jaya Bachchan', 'Perempuan', NULL),
(218, 'Shabana Azmi', 'Perempuan', NULL),
(219, 'Dharmendra', 'Laki-laki', NULL),
(220, 'Akshay Kumar', 'Laki-laki', NULL),
(221, 'Paresh Rawal', 'Laki-laki', NULL),
(222, 'Tabu', 'Perempuan', NULL),
(223, 'Jisshu Sengupta', 'Laki-laki', NULL),
(224, 'Akshaye Khanna', 'Laki-laki', NULL),
(225, 'Claudia Salas', 'Perempuan', NULL),
(226, 'Fariba Sheikhan', 'Perempuan', NULL),
(227, 'Eloy Azorín', 'Laki-laki', NULL),
(228, 'Noah Casas', 'Laki-laki', NULL),
(229, 'Ferran Vilajosana', 'Laki-laki', NULL),
(230, 'Daniela Casas', 'Laki-laki', NULL),
(231, 'Samantha Jaramillo', 'Laki-laki', NULL),
(232, 'Leyre Azpiri', 'Laki-laki', NULL),
(233, 'Chema Coloma', 'Laki-laki', NULL),
(234, 'Ginnifer Goodwin', 'Perempuan', NULL),
(235, 'Jason Bateman', 'Laki-laki', NULL),
(236, 'Ke Huy Quan', 'Laki-laki', NULL),
(237, 'Fortune Feimster', 'Perempuan', NULL),
(238, 'Andy Samberg', 'Laki-laki', NULL),
(239, 'Joe Dallesandro', 'Laki-laki', NULL),
(240, 'Patrizia Behn', 'Perempuan', NULL),
(241, 'Gianni Macchia', 'Laki-laki', NULL),
(242, 'Lorraine De Selle', 'Perempuan', NULL),
(243, 'Omero Capanna', 'Laki-laki', NULL),
(244, 'Daniel MacPherson', 'Laki-laki', NULL),
(245, 'Luke Hemsworth', 'Laki-laki', NULL),
(246, 'Russell Crowe', 'Laki-laki', NULL),
(247, 'Mojean Aria', 'Laki-laki', NULL),
(248, 'Kelly Gale', 'Perempuan', NULL),
(249, 'Hugh Jackman', 'Laki-laki', NULL),
(250, 'Dakota Goyo', 'Laki-laki', NULL),
(251, 'Evangeline Lilly', 'Perempuan', NULL),
(252, 'Kevin Durand', 'Laki-laki', NULL),
(253, 'Anthony Mackie', 'Laki-laki', NULL),
(254, 'Sharon Leal', 'Perempuan', NULL),
(255, 'Boris Kodjoe', 'Laki-laki', NULL),
(256, 'John Newberg', 'Laki-laki', NULL),
(257, 'Brandon Gonzales', 'Laki-laki', NULL),
(258, 'Cameron Mills', 'Laki-laki', NULL),
(259, 'Josephine Langford', 'Perempuan', NULL),
(260, 'Hero Fiennes Tiffin', 'Laki-laki', NULL),
(261, 'Carter Jenkins', 'Laki-laki', NULL),
(262, 'Louise Lombard', 'Perempuan', NULL),
(263, 'Chance Perdomo', 'Laki-laki', NULL),
(264, 'Mohan Joshi', 'Laki-laki', NULL),
(265, 'Snehal Tarde', 'Perempuan', NULL),
(266, 'Mahesh Manjrekar', 'Laki-laki', NULL),
(267, 'Pravin Tarde', 'Laki-laki', NULL),
(268, 'Prasad Oak', 'Laki-laki', NULL),
(269, 'Tim Robbins', 'Laki-laki', NULL),
(270, 'Morgan Freeman', 'Laki-laki', NULL),
(271, 'Bob Gunton', 'Laki-laki', NULL),
(272, 'William Sadler', 'Laki-laki', NULL),
(273, 'Clancy Brown', 'Laki-laki', NULL),
(274, 'Geert Van Rampelberg', 'Laki-laki', NULL),
(275, 'Samuel Suchod', 'Laki-laki', NULL),
(276, 'Anna Sacuto', 'Laki-laki', NULL),
(277, 'Cathy Ruiz', 'Perempuan', NULL),
(278, 'Sonakshi Sinha', 'Perempuan', NULL),
(279, 'Jyothika', 'Perempuan', NULL),
(280, 'Ashutosh Gowariker', 'Laki-laki', NULL),
(281, 'Adinath Kothare', 'Laki-laki', NULL),
(282, 'Aashriya Mishra', 'Laki-laki', NULL),
(283, 'Matthew McConaughey', 'Laki-laki', NULL),
(284, 'Michael Caine', 'Laki-laki', NULL),
(285, 'Jessica Chastain', 'Perempuan', NULL),
(286, 'Casey Affleck', 'Laki-laki', NULL),
(287, 'Deniella Alexis', 'Laki-laki', NULL),
(288, 'Kevin Lloyd Reid', 'Laki-laki', NULL),
(289, 'Mark Ettlinger', 'Laki-laki', NULL),
(290, 'Madison Caan', 'Laki-laki', NULL),
(291, 'Reece Presley', 'Laki-laki', NULL),
(292, 'Marlon Wayans', 'Laki-laki', NULL),
(293, 'Shawn Wayans', 'Laki-laki', NULL),
(294, 'Anna Faris', 'Perempuan', NULL),
(295, 'Regina Hall', 'Perempuan', NULL),
(296, 'Damon Wayans Jr.', 'Laki-laki', NULL),
(297, 'Dhruva Sarja', 'Laki-laki', NULL),
(298, 'Shilpa Shetty Kundra', 'Perempuan', NULL),
(299, 'Reeshma Nanaiah', 'Perempuan', NULL),
(300, 'V. Ravichandran', 'Laki-laki', NULL),
(301, 'Eric Nam', 'Laki-laki', NULL),
(302, 'Dave Bautista', 'Laki-laki', NULL),
(303, 'Jessica Matten', 'Perempuan', NULL),
(304, 'Román Zaragoza', 'Laki-laki', NULL),
(305, 'Steven Yeun', 'Laki-laki', NULL),
(306, 'Ahmed Ezz', 'Laki-laki', NULL),
(307, 'Karim Abdel Aziz', 'Laki-laki', NULL),
(308, 'Monica Bellucci', 'Perempuan', NULL),
(309, 'Tara Emad', 'Perempuan', NULL),
(310, 'Martin Lawrence', 'Laki-laki', NULL),
(311, 'Sydney Sweeney', 'Perempuan', NULL),
(312, 'Amanda Seyfried', 'Perempuan', NULL),
(313, 'Brandon Sklenar', 'Laki-laki', NULL),
(314, 'Michele Morrone', 'Laki-laki', NULL),
(315, 'Elizabeth Perkins', 'Perempuan', NULL),
(316, 'Tony Dalton', 'Laki-laki', NULL),
(317, 'Stephanie Cayo', 'Perempuan', NULL),
(318, 'Angie Cepeda', 'Perempuan', NULL),
(319, 'Manolo Cardona', 'Laki-laki', NULL),
(320, 'Sebastián Garcia', 'Laki-laki', NULL),
(321, 'Jason Statham', 'Laki-laki', NULL),
(322, 'Bodhi Rae Breathnach', 'Perempuan', NULL),
(323, 'Naomi Ackie', 'Perempuan', NULL),
(324, 'Daniel Mays', 'Laki-laki', NULL),
(325, 'Harriet Walter', 'Perempuan', NULL),
(326, 'Haley Pullos', 'Perempuan', NULL),
(327, 'Sasha Clements', 'Perempuan', NULL),
(328, 'Judd Nelson', 'Laki-laki', NULL),
(329, 'Alyson Bath', 'Perempuan', NULL),
(330, 'Jacky Lai', 'Perempuan', NULL),
(331, 'Sacha Baron Cohen', 'Laki-laki', NULL),
(332, 'Rosamund Pike', 'Perempuan', NULL),
(333, 'Tom Davis', 'Laki-laki', NULL),
(334, 'Emily Mortimer', 'Perempuan', NULL),
(335, 'Weruche Opia', 'Perempuan', NULL),
(336, 'Elle Fanning', 'Perempuan', NULL),
(337, 'Dimitrius Schuster-Koloamatangi', 'Laki-laki', NULL),
(338, 'Ravi Narayan', 'Laki-laki', NULL),
(339, 'Michael Homick', 'Laki-laki', NULL),
(340, 'Stefan Grube', 'Laki-laki', NULL),
(341, 'Gerard Butler', 'Laki-laki', NULL),
(342, 'Morena Baccarin', 'Perempuan', NULL),
(343, 'Roman Griffin Davis', 'Laki-laki', NULL),
(344, 'Tommie Earl Jenkins', 'Laki-laki', NULL),
(345, 'Trond Fausa Aurvåg', 'Laki-laki', NULL),
(346, 'Gianna Jun', 'Perempuan', NULL),
(347, 'Koo Kyo-hwan', 'Laki-laki', NULL),
(348, 'Ji Chang-wook', 'Laki-laki', NULL),
(349, 'Shin Hyun-been', 'Perempuan', NULL),
(350, 'Kim Shin-rock', 'Perempuan', NULL),
(351, 'Julia Louis-Dreyfus', 'Perempuan', NULL),
(352, 'Emma Thompson', 'Perempuan', NULL),
(353, 'Nicholas Braun', 'Laki-laki', NULL),
(354, 'Sally Field', 'Perempuan', NULL),
(355, 'Lewis Pullman', 'Laki-laki', NULL),
(356, 'Colm Meaney', 'Laki-laki', NULL),
(357, 'Alfred Molina', 'Laki-laki', NULL),
(358, 'Joan Chen', 'Perempuan', NULL),
(359, 'Arjun Sarja', 'Laki-laki', NULL),
(360, 'Abhirami', 'Perempuan', NULL),
(361, 'Preity Mukhundhan', 'Perempuan', NULL),
(362, 'Vivek Prasanna', 'Laki-laki', NULL),
(363, 'John Kokken', 'Laki-laki', NULL),
(364, 'Aaron Taylor-Johnson', 'Laki-laki', NULL),
(365, 'Theo James', 'Laki-laki', NULL),
(366, 'Gugu Mbatha-Raw', 'Perempuan', NULL),
(367, 'Elham Ehsas', 'Laki-laki', NULL),
(368, 'Angelique Boyer', 'Perempuan', NULL),
(369, 'Bárbara de Regil', 'Perempuan', NULL),
(370, 'Diego Klein', 'Laki-laki', NULL),
(371, 'Lucía Uribe', 'Perempuan', NULL),
(372, 'Isabella Camil', 'Perempuan', NULL),
(373, 'Josh O\'Connor', 'Laki-laki', NULL),
(374, 'Colin Firth', 'Laki-laki', NULL),
(375, 'Eve Hewson', 'Perempuan', NULL),
(376, 'Santiago Rios', 'Laki-laki', NULL),
(377, 'Nicolás Melian', 'Laki-laki', NULL),
(378, 'Gloria Guida', 'Perempuan', NULL),
(379, 'Colette Descombes', 'Perempuan', NULL),
(380, 'Andrés Resino', 'Laki-laki', NULL),
(381, 'Gianluigi Chirizzi', 'Laki-laki', NULL),
(382, 'Paolo Carlini', 'Laki-laki', NULL),
(383, 'Saif Ali Khan', 'Laki-laki', NULL),
(384, 'Rasika Dugal', 'Perempuan', NULL),
(385, 'Sanjay Mishra', 'Laki-laki', NULL),
(386, 'Saurabh Dwivedi', 'Laki-laki', NULL),
(387, 'Zakir Hussain', 'Laki-laki', NULL),
(388, 'Adriana Llabrés', 'Perempuan', NULL),
(389, 'Hoze Meléndez', 'Laki-laki', NULL),
(390, 'Andrés Almeida', 'Laki-laki', NULL),
(391, 'Horacio García Rojas', 'Laki-laki', NULL),
(392, 'Ruth Ramos', 'Perempuan', NULL),
(393, 'Ice Cube', 'Laki-laki', NULL),
(394, 'Eva Longoria', 'Perempuan', NULL),
(395, 'Clark Gregg', 'Laki-laki', NULL),
(396, 'Iman Benson', 'Perempuan', NULL),
(397, 'Henry Hunter Hall', 'Laki-laki', NULL),
(398, 'Michael Jackson', 'Laki-laki', NULL),
(399, 'David Gest', 'Laki-laki', NULL),
(400, 'Tito Jackson', 'Laki-laki', NULL),
(401, 'Rebbie Jackson', 'Perempuan', NULL),
(402, 'Katherine Jackson', 'Perempuan', NULL),
(403, 'Billie Boullet', 'Perempuan', NULL),
(404, 'Luke Evans', 'Laki-laki', NULL),
(405, 'Milla Jovovich', 'Perempuan', NULL),
(406, 'Mila Harris', 'Perempuan', NULL),
(407, 'Kevin Glynn', 'Laki-laki', NULL),
(408, 'Dyessa Garcia', 'Perempuan', NULL),
(409, 'Arnold Reyes', 'Laki-laki', NULL),
(410, 'Anthony Dabao', 'Laki-laki', NULL),
(411, 'Allan Paule', 'Laki-laki', NULL),
(412, 'Tanya Gomez', 'Perempuan', NULL),
(413, 'Zendaya', 'Perempuan', NULL),
(414, 'Robert Pattinson', 'Laki-laki', NULL),
(415, 'Mamoudou Athie', 'Laki-laki', NULL),
(416, 'Alana Haim', 'Perempuan', NULL),
(417, 'Jordyn Curet', 'Perempuan', NULL),
(418, 'Tom Hanks', 'Laki-laki', NULL),
(419, 'Tim Allen', 'Laki-laki', NULL),
(420, 'Joan Cusack', 'Perempuan', NULL),
(421, 'Greta Lee', 'Perempuan', NULL),
(422, 'Conan O\'Brien', 'Laki-laki', NULL),
(423, 'Lu Yanting', 'Perempuan', NULL),
(424, 'Joseph', 'Laki-laki', NULL),
(425, 'Han Mo', 'Laki-laki', NULL),
(426, 'Chen Hao', 'Laki-laki', NULL),
(427, 'Lu Qi', 'Perempuan', NULL),
(428, 'Pimchanok Luevisadpaibul', 'Perempuan', NULL),
(429, 'Thanapob Leeratanakachorn', 'Laki-laki', NULL),
(430, 'Sivakorn Adulsuttikul', 'Laki-laki', NULL),
(431, 'Chartayodom Hiranyatithi', 'Laki-laki', NULL),
(432, 'Theerachai Wimolchaireuk', 'Laki-laki', NULL),
(433, 'Nicole Wallace', 'Perempuan', NULL),
(434, 'Gabriel Guevara', 'Laki-laki', NULL),
(435, 'Marta Hazas', 'Perempuan', NULL),
(436, 'Iván Sánchez', 'Laki-laki', NULL),
(437, 'Eva Ruiz', 'Perempuan', NULL),
(438, 'Kathryn Newton', 'Perempuan', NULL),
(439, 'Elijah Wood', 'Laki-laki', NULL),
(440, 'Sarah Michelle Gellar', 'Perempuan', NULL),
(441, 'Shawn Hatosy', 'Laki-laki', NULL),
(442, 'Rachel McAdams', 'Perempuan', NULL),
(443, 'Dylan O\'Brien', 'Laki-laki', NULL),
(444, 'Edyll Ismail', 'Perempuan', NULL),
(445, 'Dennis Haysbert', 'Laki-laki', NULL),
(446, 'Xavier Samuel', 'Laki-laki', NULL),
(447, 'Caleb Landry Jones', 'Laki-laki', NULL),
(448, 'Zoë Bleu Sidel', 'Perempuan', NULL),
(449, 'Christoph Waltz', 'Laki-laki', NULL),
(450, 'Matilda De Angelis', 'Perempuan', NULL),
(451, 'Ewens Abid', 'Laki-laki', NULL),
(452, 'Robert Downey Jr.', 'Laki-laki', NULL),
(453, 'Chris Evans', 'Laki-laki', NULL),
(454, 'Josh Brolin', 'Laki-laki', NULL),
(455, 'Mohanlal', 'Laki-laki', NULL),
(456, 'Meena', 'Perempuan', NULL),
(457, 'Siddique', 'Laki-laki', NULL),
(458, 'Asha Sarath', 'Perempuan', NULL),
(459, 'Murali Gopy', 'Laki-laki', NULL),
(460, 'Scarlett Johansson', 'Perempuan', NULL),
(461, 'Michelle Rodriguez', 'Perempuan', NULL),
(462, 'Monica Guerritore', 'Perempuan', NULL),
(463, 'Rodolfo Bigotti', 'Laki-laki', NULL),
(464, 'Stanko Molnar', 'Laki-laki', NULL),
(465, 'William Berger', 'Laki-laki', NULL),
(466, 'Chris Avram', 'Laki-laki', NULL),
(467, 'Kenneth Branagh', 'Laki-laki', NULL),
(468, 'Dakota Johnson', 'Perempuan', NULL),
(469, 'Jamie Dornan', 'Laki-laki', NULL),
(470, 'Eric Johnson', 'Laki-laki', NULL),
(471, 'Eloise Mumford', 'Perempuan', NULL),
(472, 'Rita Ora', 'Perempuan', NULL),
(473, 'Clark Shotwell', 'Laki-laki', NULL),
(474, 'Kelly Eviston-Quinnett', 'Perempuan', NULL),
(475, 'Ella Bleu Travolta', 'Perempuan', NULL),
(476, 'Olga Hoffmann', 'Perempuan', NULL),
(477, 'Charlie Berger', 'Laki-laki', NULL),
(478, 'Maciej Damięcki', 'Laki-laki', NULL),
(479, 'Zdzisław Wardejn', 'Laki-laki', NULL),
(480, 'Włodzimierz Press', 'Laki-laki', NULL),
(481, 'Anna Nehrebecka', 'Perempuan', NULL),
(482, 'Anna Korzeniecka', 'Perempuan', NULL),
(483, 'Riteish Deshmukh', 'Laki-laki', NULL),
(484, 'Abhishek Bachchan', 'Laki-laki', NULL),
(485, 'Sachin Khedekar', 'Laki-laki', NULL),
(486, 'Apphle Celso', 'Laki-laki', NULL),
(487, 'Van Allen Ong', 'Laki-laki', NULL),
(488, 'Rinoa Halili', 'Perempuan', NULL),
(489, 'Mark Dionisio', 'Laki-laki', NULL),
(490, 'Aya Fortes', 'Laki-laki', NULL),
(491, 'Brad Pitt', 'Laki-laki', NULL),
(492, 'Damson Idris', 'Laki-laki', NULL),
(493, 'Javier Bardem', 'Laki-laki', NULL),
(494, 'Kerry Condon', 'Perempuan', NULL),
(495, 'Tobias Menzies', 'Laki-laki', NULL),
(496, 'Alan Ritchson', 'Laki-laki', NULL),
(497, 'Dennis Quaid', 'Laki-laki', NULL),
(498, 'Stephan James', 'Laki-laki', NULL),
(499, 'Jai Courtney', 'Laki-laki', NULL),
(500, 'Esai Morales', 'Laki-laki', NULL),
(501, 'Christian Bale', 'Laki-laki', NULL),
(502, 'Heath Ledger', 'Laki-laki', NULL),
(503, 'Aaron Eckhart', 'Laki-laki', NULL),
(504, 'Maggie Gyllenhaal', 'Perempuan', NULL),
(505, 'Elena Anaya', 'Perempuan', NULL),
(506, 'Natasha Yarovenko', 'Perempuan', NULL),
(507, 'Enrico Lo Verso', 'Laki-laki', NULL),
(508, 'Najwa Nimri', 'Perempuan', NULL),
(509, 'Ander Malles', 'Laki-laki', NULL),
(510, 'Marlon Brando', 'Laki-laki', NULL),
(511, 'Al Pacino', 'Laki-laki', NULL),
(512, 'James Caan', 'Laki-laki', NULL),
(513, 'Robert Duvall', 'Laki-laki', NULL),
(514, 'Richard S. Castellano', 'Laki-laki', NULL),
(515, 'Zazie Beetz', 'Perempuan', NULL),
(516, 'Myha\'la', 'Perempuan', NULL),
(517, 'Patricia Arquette', 'Perempuan', NULL),
(518, 'Paterson Joseph', 'Laki-laki', NULL),
(519, 'Heather Graham', 'Perempuan', NULL),
(520, 'Rudy Youngblood', 'Laki-laki', NULL),
(521, 'Raoul Max Trujillo', 'Laki-laki', NULL),
(522, 'Gerardo Taracena', 'Laki-laki', NULL),
(523, 'Iazua Larios', 'Perempuan', NULL),
(524, 'Antonio Monroy', 'Laki-laki', NULL),
(525, 'Barry Keoghan', 'Laki-laki', NULL),
(526, 'Monica Barbaro', 'Perempuan', NULL),
(527, 'Bonnie Blue', 'Perempuan', NULL),
(528, 'Victoria Silver', 'Laki-laki', NULL),
(529, 'Belle Delphine', 'Perempuan', NULL),
(530, 'Lily Phillips', 'Perempuan', NULL),
(531, 'Annie Knight', 'Laki-laki', NULL),
(532, 'Ian McKellen', 'Laki-laki', NULL),
(533, 'Viggo Mortensen', 'Laki-laki', NULL),
(534, 'Sean Astin', 'Laki-laki', NULL),
(535, 'Andy Serkis', 'Laki-laki', NULL),
(536, 'Angelica Hart', 'Perempuan', NULL),
(537, 'Nico Locco', 'Laki-laki', NULL),
(538, 'Matthew Francisco', 'Laki-laki', NULL),
(539, 'Vern Kaye', 'Perempuan', NULL),
(540, 'Mercedes Cabral', 'Perempuan', NULL),
(541, 'Sara Khorami', 'Perempuan', NULL),
(542, 'Mikkel Bratt Silset', 'Laki-laki', NULL),
(543, 'Ingvild Holthe Bygdnes', 'Perempuan', NULL),
(544, 'Øyvind Brandtzæg', 'Laki-laki', NULL),
(545, 'Jenny Evensen', 'Laki-laki', NULL),
(546, 'Tom Holland', 'Laki-laki', NULL),
(547, 'Benedict Cumberbatch', 'Laki-laki', NULL),
(548, 'Jacob Batalon', 'Laki-laki', NULL),
(549, 'Jon Favreau', 'Laki-laki', NULL),
(550, 'Omar Chaparro', 'Laki-laki', NULL),
(551, 'Alejandro Speitzer', 'Laki-laki', NULL),
(552, 'Paola Nuñez', 'Perempuan', NULL),
(553, 'Natalia Solián', 'Perempuan', NULL),
(554, 'Luis Alberti', 'Laki-laki', NULL),
(555, 'Xie Miao', 'Laki-laki', NULL),
(556, 'Joe Taslim', 'Laki-laki', NULL),
(557, 'Yang Enyou', 'Perempuan', NULL),
(558, 'Yayan Ruhian', 'Laki-laki', NULL),
(559, 'JeeJa Yanin', 'Perempuan', NULL),
(560, 'Neve Campbell', 'Perempuan', NULL),
(561, 'Courteney Cox', 'Perempuan', NULL),
(562, 'Isabel May', 'Perempuan', NULL),
(563, 'Jasmin Savoy Brown', 'Perempuan', NULL),
(564, 'Mason Gooding', 'Laki-laki', NULL),
(565, 'Ian Holm', 'Laki-laki', NULL),
(566, 'Ryan Reynolds', 'Laki-laki', NULL),
(567, 'Emma Corrin', 'Laki-laki', NULL),
(568, 'Matthew Macfadyen', 'Laki-laki', NULL),
(569, 'Dafne Keen', 'Perempuan', NULL),
(570, 'Kriti Verma', 'Laki-laki', NULL),
(571, 'Yash Shetty', 'Laki-laki', NULL),
(572, 'Kari Subbu', 'Laki-laki', NULL),
(573, 'Kaada Natraj', 'Laki-laki', NULL),
(574, 'Niriksha Shetty', 'Laki-laki', NULL),
(575, 'Sadie Sink', 'Perempuan', NULL),
(576, 'Shi Zekun', 'Laki-laki', NULL),
(577, 'Kieran O\'Brien', 'Laki-laki', NULL),
(578, 'Margo Stilley', 'Perempuan', NULL),
(579, 'Courtney Taylor-Taylor', 'Laki-laki', NULL),
(580, 'Alex Kapranos', 'Laki-laki', NULL),
(581, 'Guy Garvey', 'Laki-laki', NULL),
(582, 'Arden Cho', 'Perempuan', NULL),
(583, 'May Hong', 'Perempuan', NULL),
(584, 'Ji-young Yoo', 'Perempuan', NULL),
(585, 'Ahn Hyo-seop', 'Laki-laki', NULL),
(586, 'Yunjin Kim', 'Perempuan', NULL),
(587, 'Tomoko Ai', 'Perempuan', NULL),
(588, 'Kate Asabuki', 'Perempuan', NULL),
(589, 'Shigeru Muroi', 'Perempuan', NULL),
(590, 'Makoto Yoshino', 'Perempuan', NULL),
(591, 'Ryosei Tayama', 'Laki-laki', NULL),
(592, 'Daniel Radcliffe', 'Laki-laki', NULL),
(593, 'Rupert Grint', 'Laki-laki', NULL),
(594, 'Emma Watson', 'Perempuan', NULL),
(595, 'Richard Harris', 'Laki-laki', NULL),
(596, 'Tom Felton', 'Laki-laki', NULL),
(597, 'Patrick Wilson', 'Laki-laki', NULL),
(598, 'Vera Farmiga', 'Perempuan', NULL),
(599, 'Mia Tomlinson', 'Perempuan', NULL),
(600, 'Ben Hardy', 'Laki-laki', NULL),
(601, 'Rebecca Calder', 'Perempuan', NULL),
(602, 'John Travolta', 'Laki-laki', NULL),
(603, 'Samuel L. Jackson', 'Laki-laki', NULL),
(604, 'Uma Thurman', 'Perempuan', NULL),
(605, 'Bruce Willis', 'Laki-laki', NULL),
(606, 'Ving Rhames', 'Laki-laki', NULL),
(607, 'Song Seung-heon', 'Laki-laki', NULL),
(608, 'Lim Ji-yeon', 'Perempuan', NULL),
(609, 'Cho Yeo-jeong', 'Perempuan', NULL),
(610, 'On Ju-wan', 'Laki-laki', NULL),
(611, 'Yoo Hai-jin', 'Laki-laki', NULL),
(612, 'Leonardo DiCaprio', 'Laki-laki', NULL),
(613, 'Kate Winslet', 'Perempuan', NULL),
(614, 'Billy Zane', 'Laki-laki', NULL),
(615, 'Kathy Bates', 'Perempuan', NULL),
(616, 'Frances Fisher', 'Perempuan', NULL),
(617, 'Matthew Modine', 'Laki-laki', NULL),
(618, 'Isabel Myers', 'Perempuan', NULL),
(619, 'D. B. Sweeney', 'Laki-laki', NULL),
(620, 'Don Harvey', 'Laki-laki', NULL),
(621, 'Song Kang-ho', 'Laki-laki', NULL),
(622, 'Lee Sun-kyun', 'Laki-laki', NULL),
(623, 'Choi Woo-shik', 'Laki-laki', NULL),
(624, 'Park So-dam', 'Perempuan', NULL),
(625, 'Fabián Castro', 'Laki-laki', NULL),
(626, 'Julia Hernández', 'Laki-laki', NULL),
(627, 'Richie Ormon', 'Laki-laki', NULL),
(628, 'Christian Blanch', 'Laki-laki', NULL),
(629, 'Carlos Plaza', 'Laki-laki', NULL),
(630, 'Mahershala Ali', 'Laki-laki', NULL),
(631, 'Jonathan Bailey', 'Laki-laki', NULL),
(632, 'Rupert Friend', 'Laki-laki', NULL),
(633, 'Manuel Garcia-Rulfo', 'Laki-laki', NULL),
(634, 'Hailee Steinfeld', 'Perempuan', NULL),
(635, 'Miles Caton', 'Laki-laki', NULL),
(636, 'Jack O\'Connell', 'Laki-laki', NULL),
(637, 'Wunmi Mosaku', 'Perempuan', NULL),
(638, 'Gabriela Andrada', 'Perempuan', NULL),
(639, 'Goya Toledo', 'Perempuan', NULL),
(640, 'Keiko Takahashi', 'Perempuan', NULL),
(641, 'Daijiro Tsutsumi', 'Laki-laki', NULL),
(642, 'Shirō Shimomoto', 'Laki-laki', NULL),
(643, 'Takuto Yonezu', 'Laki-laki', NULL),
(644, 'Masao Ishida', 'Laki-laki', NULL),
(645, 'Willa Holland', 'Perempuan', NULL),
(646, 'Paul Sparks', 'Laki-laki', NULL),
(647, 'John Adams', 'Laki-laki', NULL),
(648, 'Mark Steger', 'Laki-laki', NULL),
(649, 'Shelly Gibson', 'Perempuan', NULL),
(650, 'Joseph Gordon-Levitt', 'Laki-laki', NULL),
(651, 'Ken Watanabe', 'Laki-laki', NULL),
(652, 'Tom Hardy', 'Laki-laki', NULL),
(653, 'Elliot Page', 'Laki-laki', NULL),
(654, 'Jason Momoa', 'Laki-laki', NULL),
(655, 'Temuera Morrison', 'Laki-laki', NULL),
(656, 'Roimata Fox', 'Perempuan', NULL),
(657, 'Vin Diesel', 'Laki-laki', NULL),
(658, 'Asia Argento', 'Perempuan', NULL),
(659, 'Marton Csokas', 'Laki-laki', NULL),
(660, 'Michael Roof', 'Laki-laki', NULL),
(661, 'Chad Michael Collins', 'Laki-laki', NULL),
(662, 'Ryan Robbins', 'Laki-laki', NULL),
(663, 'Manuel Rodriguez-Saenz', 'Laki-laki', NULL),
(664, 'Josh Brener', 'Laki-laki', NULL),
(665, 'Tom Berenger', 'Laki-laki', NULL),
(666, 'Ralph Fiennes', 'Laki-laki', NULL),
(667, 'Alfie Williams', 'Laki-laki', NULL),
(668, 'Erin Kellyman', 'Perempuan', NULL),
(669, 'Chi Lewis-Parry', 'Laki-laki', NULL),
(670, 'rusdi', '', NULL);

-- --------------------------------------------------------

--
-- Table structure for table `genres`
--

CREATE TABLE `genres` (
  `id` int(11) NOT NULL,
  `jenis_genre` varchar(50) NOT NULL,
  `deskripsi` text DEFAULT NULL
) ENGINE=InnoDB DEFAULT CHARSET=utf8mb4 COLLATE=utf8mb4_general_ci;

--
-- Dumping data for table `genres`
--

INSERT INTO `genres` (`id`, `jenis_genre`, `deskripsi`) VALUES
(12, 'Petualangan', ''),
(14, 'Fantasi', 'Genre Resmi TMDB'),
(16, 'Animasi', 'Genre Resmi TMDB'),
(18, 'Drama', 'Genre Resmi TMDB'),
(27, 'Kengerian', 'Genre Resmi TMDB'),
(28, 'Aksi', 'Genre Resmi TMDB'),
(35, 'Komedi', 'Genre Resmi TMDB'),
(36, 'Sejarah', 'Genre Resmi TMDB'),
(37, 'Barat', 'Genre Resmi TMDB'),
(53, 'Cerita Seru', 'Genre Resmi TMDB'),
(80, 'Kejahatan', 'Genre Resmi TMDB'),
(99, 'Dokumenter', 'Genre Resmi TMDB'),
(878, 'Cerita Fiksi', 'Genre Resmi TMDB'),
(9648, 'Misteri', 'Genre Resmi TMDB'),
(10402, 'Musik', 'Genre Resmi TMDB'),
(10749, 'Percintaan', 'Genre Resmi TMDB'),
(10751, 'Keluarga', 'Genre Resmi TMDB'),
(10770, 'Film TV', 'Genre Resmi TMDB');

-- --------------------------------------------------------

--
-- Table structure for table `movies`
--

CREATE TABLE `movies` (
  `id` int(11) NOT NULL,
  `title` varchar(150) NOT NULL,
  `description` text DEFAULT NULL,
  `poster_url` varchar(255) DEFAULT NULL,
  `release_year` int(4) DEFAULT NULL,
  `rating` float DEFAULT 0,
  `genre_id` int(11) DEFAULT NULL
) ENGINE=InnoDB DEFAULT CHARSET=utf8mb4 COLLATE=utf8mb4_general_ci;

--
-- Dumping data for table `movies`
--

INSERT INTO `movies` (`id`, `title`, `description`, `poster_url`, `release_year`, `rating`, `genre_id`) VALUES
(2, 'Avatar: Fire and Ash', '', 'https://image.tmdb.org/t/p/w500/bRBeSHfGHwkEpImlhxPmOcUsaeg.jpg', 2025, 7.375, 878),
(3, 'Hoppers', 'Para ilmuwan telah menemukan cara untuk \'mentransfer\' kesadaran manusia ke dalam hewan robot yang menyerupai manusia., Memungkinkan manusia untuk berkomunikasi dengan hewan sebagai hewan. Mabel, seorang pencinta hewan, memanfaatkan kesempatan untuk menggunakan teknologi tersebut. Mengungkap misteri di dunia hewan yang melampaui apa pun yang pernah dia bayangkan.', 'https://image.tmdb.org/t/p/w500/xjtWQ2CL1mpmMNwuU5HeS4Iuwuu.jpg', 2026, 7.6, 16),
(4, 'Crime 101', '', 'https://image.tmdb.org/t/p/w500/tVvpFIoteRHNnoZMhdnwIVwJpCA.jpg', 2026, 7.059, 80),
(5, 'Mike & Nick & Nick & Alice', '', 'https://image.tmdb.org/t/p/w500/7F0jc75HrSkLVcvOXR2FXAIwuEv.jpg', 2026, 6.863, 35),
(7, 'Film Testing PHPUnit', 'Ini deskripsi dari pengujian otomatis', NULL, 2026, 0, NULL),
(8, 'Obsession', '', 'https://image.tmdb.org/t/p/w500/6X4qFYBsG3bpWDG2XIKqr04kFJa.jpg', 2026, 7.9, 27),
(9, 'Mumi karya Lee Cronin', 'Putri muda seorang jurnalis menghilang di padang pasir tanpa jejak—delapan tahun kemudian, keluarga yang hancur itu terkejut ketika ia dikembalikan kepada mereka, dan apa yang seharusnya menjadi reuni yang penuh sukacita berubah menjadi mimpi buruk yang mengerikan.', 'https://image.tmdb.org/t/p/w500/1q308iixueCU4pFtSYugNOevtNx.jpg', 2026, 8.055, 27),
(10, 'கர', '', 'https://image.tmdb.org/t/p/w500/uIrFdMWlJFdc1jPBP9bxeaISCDj.jpg', 2026, 6.067, 80),
(11, 'Tom Clancy\'s Jack Ryan: Ghost War', 'Dalam film baru ini, Jack Ryan terpaksa terjun kembali ke dunia spionase ketika misi rahasia internasional mengungkap konspirasi berbahaya. Sambil berlomba melawan waktu, dia bergabung dengan sekutu CIA Mike November dan James Greer, serta petugas MI6 yang jeli, Emma Marlowe, untuk melawan unit operasi rahasia yang nakal dalam pertarungan yang penuh risiko dan sangat pribadi.', 'https://image.tmdb.org/t/p/w500/8ehYxUh5MWE41AeE9gkHE8DKzvB.jpg', 2026, 7.111, 28),
(12, 'Backrooms', '', 'https://image.tmdb.org/t/p/w500/rhGx6E3qRNMgj3i5su2oukNHwIQ.jpg', 2026, 6.755, 27),
(13, 'The Punisher: One Last Kill', '', 'https://image.tmdb.org/t/p/w500/qQclTgLMDvGBuUBFGHRipxkEwWR.jpg', 2026, 8.365, 28),
(14, 'Project Hail Mary', '', 'https://image.tmdb.org/t/p/w500/yihdXomYb5kTeSivtFndMy5iDmf.jpg', 2026, 8.656, 878),
(15, 'The Super Mario Galaxy Movie', '', 'https://image.tmdb.org/t/p/w500/eJGWx219ZcEMVQJhAgMiqo8tYY.jpg', 2026, 8.116, 10751),
(16, 'धुरंधर: द रिवेंज', '', 'https://image.tmdb.org/t/p/w500/hsJG5r6etrMNwW00BVp4NC7zi67.jpg', 2026, 7.3, 28),
(17, 'Swapped', 'Si makhluk hutan kecil dan si burung agung tiba-tiba saling bertukar tubuh, memaksa mereka untuk bekerja sama agar selamat dalam petualangan terliar dalam hidup mereka.', 'https://image.tmdb.org/t/p/w500/tHhxWxge06goXU6ZQH1hj7vK8Hd.jpg', 2026, 8.97, 12),
(18, 'Твоё сердце будет разбито', '', 'https://image.tmdb.org/t/p/w500/iGpMm603GUKH2SiXB2S5m4sZ17t.jpg', 2026, 6.8, 10749),
(19, 'The Matrix', 'Berlatar abad ke-22, The Matrix menceritakan tentang seorang peretas komputer yang bergabung dengan sekelompok pemberontak bawah tanah melawan komputer-komputer besar dan kuat yang kini menguasai bumi.', 'https://image.tmdb.org/t/p/w500/aOIuZAjPaRIE6CMzbazvcHuHXDc.jpg', 1999, 8.246, 28),
(20, 'കാട്ടാളൻ', '', 'https://image.tmdb.org/t/p/w500/9OA6y2GdbXuJ5PAMMMawNBIkrZA.jpg', 2026, 6, 28),
(21, 'चाँद मेरा दिल', '', 'https://image.tmdb.org/t/p/w500/9LPkXJustudEBgPZEm9tgDx5KtC.jpg', 2026, 3.833, 10749),
(22, '捕风追影', '', 'https://image.tmdb.org/t/p/w500/o25Tk1FYQi2BLk0OEAvx2h69QvB.jpg', 2025, 7.572, 28),
(23, 'Hokum', '', 'https://image.tmdb.org/t/p/w500/jKPWwsbAM6HKURPYQ1eG8DmKMKn.jpg', 2026, 7.03, 27),
(24, 'Iron Lung', '', 'https://image.tmdb.org/t/p/w500/sIwakdbMGS1krtgendTWpxTY9Hw.jpg', 2026, 7.201, 27),
(25, 'In the Grey', '', 'https://image.tmdb.org/t/p/w500/dQgIcW6Th08kMRf2HBoYWoFE6OD.jpg', 2026, 6.6, 28),
(26, 'Graphic Desires', '', 'https://image.tmdb.org/t/p/w500/3BjLdTWRiHc1ISIZMFvToOmghOM.jpg', 2023, 6.951, 53),
(27, 'ಮಾರ್ಕ್', '', 'https://image.tmdb.org/t/p/w500/6LTDv6XHiHN0N77QIFg2tidVvhh.jpg', 2025, 4, 28),
(28, 'Nymphomaniac: Vol. II', '', 'https://image.tmdb.org/t/p/w500/iLUNqgNKuWn667kXCKztSxYbT3k.jpg', 2013, 6.712, 18),
(29, 'Mortal Kombat II', '', 'https://image.tmdb.org/t/p/w500/lIsMeDbwntNXSUVHmWMMRXEZOVc.jpg', 2026, 6.73, 28),
(30, 'Door II: Tokyo Diary', '', 'https://image.tmdb.org/t/p/w500/4AMv53knrYIdBStpldgRY8eQ7Bx.jpg', 1991, 6.1, 18),
(31, 'पति पत्नी और वो दो', '', 'https://image.tmdb.org/t/p/w500/5MweEeMzPbueb65BcJpdiy0ihwU.jpg', 2026, 7.5, 35),
(32, 'கருப்பு', '', 'https://image.tmdb.org/t/p/w500/4KZXlZ5tTT6ghbW77gS4hSLkCd7.jpg', 2026, 7.364, 28),
(33, 'The Mandalorian and Grogu', '', 'https://image.tmdb.org/t/p/w500/5Vi8dSauVwH1HOsiZceDMbRr1Ca.jpg', 2026, 6.8, 28),
(34, 'The Devil Wears Prada', 'Seorang gadis yang baru lulus kuliah menemukan kekuatan—dan gaya—miliknya sendiri saat berusaha keras meraih sukses sebagai asisten editor kejam sebuah majalah mode.', 'https://image.tmdb.org/t/p/w500/8912AsVuS7Sj915apArUFbv6F9L.jpg', 2006, 7.428, 18),
(35, 'Over Your Dead Body', '', 'https://image.tmdb.org/t/p/w500/6yPvopLmtoyxzJt6Cr0BRyFxtrd.jpg', 2026, 6.851, 28),
(36, 'L\'Amour violé', '', 'https://image.tmdb.org/t/p/w500/kWlQqBbyrtGfcYU1qRqwCaEmBuz.jpg', 1978, 5.6, 18),
(37, 'Mortal Kombat', '', 'https://image.tmdb.org/t/p/w500/ybrX94xQm8lXYpZAPRmwD9iIbWP.jpg', 2021, 7, 28),
(38, 'Rita', '', 'https://image.tmdb.org/t/p/w500/grIFQLXXwQmjvYYfXVXCgGTMUWw.jpg', 2024, 6.2, 18),
(39, 'Damage', '', 'https://image.tmdb.org/t/p/w500/alf3JOPP7EYP0iO24gwe5YfRnqo.jpg', 1992, 6.56, 18),
(40, 'Zero WOMAN ＩＩ　警視庁０課の女', '', 'https://image.tmdb.org/t/p/w500/z9XSICETB0XWQRyMWpN2s3bAUlz.jpg', 1995, 5, 28),
(41, '劇場版「鬼滅の刃」無限城編 第一章 猗窩座再来', '', 'https://image.tmdb.org/t/p/w500/qjyWDOYokheTTWLMzwJAuvSJeYg.jpg', 2025, 7.728, 16),
(42, 'Infiltrate', '', 'https://image.tmdb.org/t/p/w500/8Cw8GF9wG63kF8pRRXwOx2kXGt.jpg', 2026, 5.469, 28),
(43, 'Apex', 'Seorang wanita yang berduka nekat bertualang sendirian di alam liar Australia dan terjebak dalam permainan gila dengan pembunuh licik yang menganggapnya sebagai mangsa.', 'https://image.tmdb.org/t/p/w500/eTp7gSPkSF3Aw79mNx1NkBP1PZT.jpg', 2026, 6.745, 28),
(44, 'GOAT', '', 'https://image.tmdb.org/t/p/w500/wfuqMlaExcoYiUEvKfVpUTt1v4u.jpg', 2026, 8.119, 16),
(45, 'Michael', '', 'https://image.tmdb.org/t/p/w500/zm0KAbOjlt9eR5y7vDiL2dEOwMl.jpg', 2026, 7.584, 10402),
(46, 'Masters of the Universe', '', 'https://image.tmdb.org/t/p/w500/3YMd9Ogae4rDKLWuAZFuse9xhc5.jpg', 2026, 7.37, 28),
(47, 'रॉकी और रानी की प्रेम कहानी', '', 'https://image.tmdb.org/t/p/w500/ryVhdarS4XFwuyakexGtOWC6maM.jpg', 2023, 6.142, 35),
(48, 'भूत बंगला', '', 'https://image.tmdb.org/t/p/w500/79RBp8afL4u4z3nVGR78z6eIvBB.jpg', 2026, 6.5, 27),
(49, 'धुरंधर', '', 'https://image.tmdb.org/t/p/w500/8FHOtUpNIk5ZPEay2N2EY5lrxkv.jpg', 2025, 7.2, 28),
(50, 'Disforia', '', 'https://image.tmdb.org/t/p/w500/49pzxbf1Eftz7wQZdVDVl8OM9bg.jpg', 2025, 4.833, 27),
(51, 'La fotógrafa', '', 'https://image.tmdb.org/t/p/w500/95pZ9yB5SABddzaINITvZd7SvER.jpg', 2025, 7, 27),
(52, 'Zootopia 2', 'Setelah berhasil menyelesaikan kasus terbesar dalam sejarah Zootopia, dua polisi pemula Judy Hopps dan Nick Wilde menyadari bahwa kemitraan mereka tidak sekuat yang mereka kira ketika Kepala Bogo memerintahkan mereka untuk mengikuti program konseling “Partners in Crisis”. Namun, tidak lama kemudian, kemitraan mereka diuji hingga batasnya ketika mereka terjebak dalam jejak misterius yang terkait dengan kedatangan ular berbisa di kota metropolis hewan tersebut.', 'https://image.tmdb.org/t/p/w500/nT1tuba9NBCzraZRwTvFpoSJZk.jpg', 2025, 7.651, 12),
(53, 'Vacanze per un massacro', '', 'https://image.tmdb.org/t/p/w500/arRNmW27fs1TFsIBOwPYCfZQFJC.jpg', 1980, 4.969, 53),
(54, 'Beast', '', 'https://image.tmdb.org/t/p/w500/7NrvUI3vnW8H3rD7ExKcTL7KRcQ.jpg', 2026, 6.228, 28),
(55, 'Real Steel', '', 'https://image.tmdb.org/t/p/w500/4GIeI5K5YdDUkR3mNQBoScpSFEf.jpg', 2011, 7.095, 28),
(56, 'Addicted', '', 'https://image.tmdb.org/t/p/w500/fAERrD6vvmznDoL99wlgjhSfPcH.jpg', 2014, 5.918, 18),
(57, 'After We Fell', 'Tepat ketika Tessa membuat keputusan terbesar dalam hidupnya, segalanya berubah. Penemuan baru tentang keluarganya, dan keluarga Hardin, semua yang mereka ketahui dalam hidup dan membuat masa depan yang mereka perjuangkan semakin sulit untuk dicapai.', 'https://image.tmdb.org/t/p/w500/dU4HfnTEJDf9KvxGS9hgO7BVeju.jpg', 2021, 7.004, 18),
(58, 'देऊळ बँड 2', '', 'https://image.tmdb.org/t/p/w500/89n9cfc5dm0kdkABmDJalzveEwU.jpg', 2026, 0, 35),
(59, 'The Shawshank Redemption', '', 'https://image.tmdb.org/t/p/w500/9cqNxx0GxF0bflZmeSMuL5tnGzr.jpg', 1994, 8.7, 18),
(60, 'L\'homme inconnu', '', 'https://image.tmdb.org/t/p/w500/4TpBhdaSl5ALHbgeaYOLF8Q3haz.jpg', 2021, 7.8, 18),
(61, 'सिस्टम', '', 'https://image.tmdb.org/t/p/w500/ddSTqsxOoXs77xnKpP7XBPqiero.jpg', 2026, 7.5, 53),
(62, 'Interstellar', 'Antarbintang mencatat petualangan sekelompok penjelajah yang memanfaatkan lubang cacing yang baru ditemukan untuk melampaui batasan perjalanan ruang angkasa manusia dan menaklukkan jarak yang luas yang terlibat dalam pelayaran antarbintang.', 'https://image.tmdb.org/t/p/w500/yQvGrMoipbRoddT0ZR8tPoR7NfX.jpg', 2014, 8.5, 12),
(63, 'Mortal Game', '', 'https://image.tmdb.org/t/p/w500/iCvucorbs3hFqWshDbLe0fHzB71.jpg', 2025, 4.917, 27),
(64, 'Scary Movie', '', 'https://image.tmdb.org/t/p/w500/2OHkZEqQL4OjYXIqWopJu0BijTD.jpg', 2026, 5.672, 35),
(65, 'ಕೆಡಿ - ದಿ ಡೆವಿಲ್', '', 'https://image.tmdb.org/t/p/w500/9cgwiPHZ57NjI0RKb2yIu8mUnNs.jpg', 2026, 5, 36),
(66, 'Avatar Aang: The Last Airbender', '', 'https://image.tmdb.org/t/p/w500/29Jdsak3SrwGds5k1t43kH6Khed.jpg', 2026, 0, 16),
(67, '7 كلاب', '', 'https://image.tmdb.org/t/p/w500/sqtFKaktHBb52pR3jygsjDAPJ1o.jpg', 2026, 2, 28),
(68, 'The Housemaid', 'Berusaha melarikan diri dari masa lalunya, Millie Calloway menerima pekerjaan sebagai pembantu rumah tangga yang tinggal bersama pasangan kaya Nina dan Andrew Winchester. Namun, apa yang awalnya merupakan pekerjaan impian dengan cepat berubah menjadi sesuatu yang jauh lebih berbahaya—permainan rahasia, skandal, dan kekuasaan yang seksi dan menggoda.', 'https://image.tmdb.org/t/p/w500/cWsBscZzwu5brg9YjNkGewRUvJX.jpg', 2025, 7.249, 9648),
(69, 'Dime lo que quieres (de verdad)', '', 'https://image.tmdb.org/t/p/w500/2ynUMfrwnEdGmkZmpiiJmTdTi4w.jpg', 2023, 7.629, 10749),
(70, 'Shelter', '', 'https://image.tmdb.org/t/p/w500/buPFnHZ3xQy6vZEHxbHgL1Pc6CR.jpg', 2026, 7.628, 28),
(71, 'From Straight A\'s to XXX', '', 'https://image.tmdb.org/t/p/w500/kvcdaGcres9pGDwZfPN9jOKfZh.jpg', 2017, 5.843, 18),
(72, 'Ladies First', 'Kehidupan seorang playboy arogan, tetapi karismatik, yang penuh uang, kekuasaan, dan kencan iseng berubah total saat ia terbangun di dunia paralel yang didominasi wanita.', 'https://image.tmdb.org/t/p/w500/kjR56Yv17pbjTVBTMjqepvcus4f.jpg', 2026, 6, 35),
(73, 'Predator: Padang Pasir', 'Seorang Predator muda yang terbuang dari klannya menemukan sekutu yang tidak mungkin dalam perjalanannya mencari musuh utama.', 'https://image.tmdb.org/t/p/w500/pHpq9yNUIo6aDoCXEBzjSolywgz.jpg', 2025, 7.761, 28),
(74, 'Greenland 2: Migration', '', 'https://image.tmdb.org/t/p/w500/z2tqCJLsw6uEJ8nJV8BsQXGa3dr.jpg', 2026, 6.439, 12),
(75, '군체', '', 'https://image.tmdb.org/t/p/w500/thK6glS5pklrlijsgSN6Hw9GLQK.jpg', 2026, 6.485, 28),
(76, 'The Sheep Detectives', '', 'https://image.tmdb.org/t/p/w500/hTirV44jiLh6NqdiB6jtxPsDIoG.jpg', 2026, 7.658, 35),
(77, 'Remarkably Bright Creatures', 'Dalam drama mengharukan adaptasi novel terlaris ini, seorang janda menjalin ikatan dengan gurita cerdas dan pria muda asing saat bekerja malam di akuarium kota kecil.', 'https://image.tmdb.org/t/p/w500/9HcEqn3D4J6b2Z0jK54id9nA0fr.jpg', 2026, 8.533, 18),
(78, 'Blast', '', 'https://image.tmdb.org/t/p/w500/ho824aZtnBzE6FuJRn2znQCq4qQ.jpg', 2026, 7, 28),
(79, 'Fuze', '', 'https://image.tmdb.org/t/p/w500/oMFdQE5hMJ9JjhNORegwTo0GKmh.jpg', 2026, 6.385, 28),
(80, 'Socias por accidente', '', 'https://image.tmdb.org/t/p/w500/sr1Yoj6XLPTWYcbDoBy67xivW4I.jpg', 2026, 9.082, 35),
(81, 'Disclosure Day', 'Jika Anda mengetahui bahwa kita tidak sendirian, jika seseorang menunjukkannya kepada Anda, membuktikannya kepada Anda, apakah itu akan membuat Anda takut?', 'https://image.tmdb.org/t/p/w500/3o5YPjDGDTcTDL5ftDA9NwN9dLd.jpg', 2026, 8.25, 9648),
(82, 'The Last Supper', '', 'https://image.tmdb.org/t/p/w500/6rGa9huzhmG1i2iu2Vcyv5HI02t.jpg', 2025, 10, 27),
(83, 'La ragazzina', '', 'https://image.tmdb.org/t/p/w500/eb4mMyocL1XdaI6DPexyZGMo0sF.jpg', 1974, 4.7, 10749),
(84, 'कर्त्तव्य', '', 'https://image.tmdb.org/t/p/w500/doTwMyAphlDL5Z8WqE3elWWvj8M.jpg', 2026, 6.5, 80),
(85, 'Psicópata: El Asesino del Conejo Blanco', '', 'https://image.tmdb.org/t/p/w500/7tIgfsTWuzXKR2kLRUPrLRTbcuo.jpg', 2026, 7.425, 53),
(86, 'War of the Worlds', 'Will Radford adalah seorang analis keamanan siber terkemuka untuk Departemen Keamanan Dalam Negeri yang melacak potensi ancaman terhadap keamanan nasional melalui program pengawasan massal, hingga suatu hari sebuah serangan oleh entitas tak dikenal membuatnya mempertanyakan apakah pemerintah menyembunyikan sesuatu darinya... dan dari seluruh dunia.', 'https://image.tmdb.org/t/p/w500/yvirUYrva23IudARHn3mMGVxWqM.jpg', 2025, 4.105, 878),
(87, 'Michael Jackson: The Life of an Icon', '', 'https://image.tmdb.org/t/p/w500/tOCYV9JCXXFtb7YehKXJBMKI4aD.jpg', 2011, 8.137, 99),
(88, 'Worldbreaker', '', 'https://image.tmdb.org/t/p/w500/nWHx1vchbmLU3HTEJSAiBgpWPqn.jpg', 2025, 6, 878),
(89, 'Donselya', '', 'https://image.tmdb.org/t/p/w500/iVS3ZiPsKy8Hhc5Dipqgrjmoj2b.jpg', 2024, 6.591, 18),
(90, 'The Drama', '', 'https://image.tmdb.org/t/p/w500/89Dw1ujPlIPRLddhzNuJM4F401D.jpg', 2026, 7, 10749),
(91, 'Toy Story 5', '', 'https://image.tmdb.org/t/p/w500/7BuN6lQCAq1tLz2l3g6sHVSFGib.jpg', 2026, 0, 16),
(92, '哪吒之魔童闹海', '', 'https://image.tmdb.org/t/p/w500/gCdOzIGlJjCS5bx4ME4dgBZ5lWo.jpg', 2025, 8.165, 16),
(93, 'Lueat Rak Nakkha', '', 'https://image.tmdb.org/t/p/w500/b1VNnA0ewb6F0hccCpPpXD8c8oT.jpg', 2026, 8.627, 28),
(94, 'Culpa mía', '', 'https://image.tmdb.org/t/p/w500/gp31EwMH5D2bftOjscwkgTmoLAB.jpg', 2023, 7.735, 18),
(95, 'Ready or Not: Here I Come', '', 'https://image.tmdb.org/t/p/w500/13ZcJzSGEqVgDSqsS9U5EkQwPkV.jpg', 2026, 7.704, 53),
(96, 'meminta bantuan', '', 'https://image.tmdb.org/t/p/w500/zbJWVHOtj3ljBzWgL1P8pxP03Up.jpg', 2026, 7.046, 27),
(97, 'Dracula', '', 'https://image.tmdb.org/t/p/w500/hCKkybW6EfSZoOW3xia9ZsQwaUd.jpg', 2025, 7.1, 27),
(98, 'Avengers: Infinity War', 'Karena Avengers dan sekutunya terus melindungi dunia dari ancaman yang terlalu besar untuk ditangani oleh seorang pahlawan, bahaya baru telah muncul dari bayangan kosmik: Thanos. Seorang lalim penghujatan intergalaksi, tujuannya adalah untuk mengumpulkan semua enam Batu Infinity, artefak kekuatan yang tak terbayangkan, dan menggunakannya untuk menimbulkan kehendak memutar pada semua realitas. Segala sesuatu yang telah diperjuangkan oleh Avengers telah berkembang hingga saat ini - nasib Bumi dan keberadaannya sendiri tidak pernah lebih pasti.', 'https://image.tmdb.org/t/p/w500/7WsyChQLEftFiDOVTGkv3hFpyyt.jpg', 2018, 8.236, 12),
(99, 'ദൃശ്യം 3', '', 'https://image.tmdb.org/t/p/w500/456FlpiU1iOBnaOxSd783QhZKWw.jpg', 2026, 7, 80),
(100, 'The Avengers', 'Ketika musuh yang tak terduga muncul, mengancam keselamatan dan keamanan dunia, Nick Fury, direktur Badan Perdamaian Internasional, dikenal sebagai S.H.I.E.L.D. , membutuhkan tim untuk menyelamatkan dunia dari bencana. Usaha perekrutan pun dimulai  Iron Man, Captain America, Hulk, Thor, Black Widow dan Hawkeye dikumpulkan untuk menaklukkan Dewa Kehancuran, Loki, dalam usahanya menghancurkan bumi. Dengan semua gabungan kekuatan, tugas nampak lebih mudah. Namun kenyatannya tidak demikian!  Para pahlawan super justru saling melawan satu sama lain  Hulk melawan Captain America, siapa yang akan menang? Apakah Iron Man dapat mengalahkan kekuatan super milik Thor? Bagaimana para pahlawan super ini secara bersama-sama menghadapi bencana, melindungi masyarakat dan yang terpenting, bertahan hidup?', 'https://image.tmdb.org/t/p/w500/kRK4AKBQEWcmIF9lvkt5qxSwQ28.jpg', 2012, 8.035, 878),
(101, 'Avatar', 'Pada abad ke-22, seorang Marinir lumpuh dikirim ke Pandora bulan pada misi yang unik, tetapi menjadi terpecah antara mengikuti perintah dan melindungi peradaban alien.', 'https://image.tmdb.org/t/p/w500/gKY6q7SjCkAU6FqvqWybDYgUKIF.jpg', 2009, 7.605, 878),
(102, 'Bosco d\'amore', '', 'https://image.tmdb.org/t/p/w500/jNV46xSIONTEvIAWon6NnveH7eG.jpg', 1981, 4.667, 18),
(103, 'The Devil Wears Prada 2', '', 'https://image.tmdb.org/t/p/w500/xTI42pmsP5EDnvsNJPEDubwWBQO.jpg', 2026, 6.619, 35),
(104, 'Fifty Shades Freed', '', 'https://image.tmdb.org/t/p/w500/jjPJ4s3DWZZvI4vw8Xfi4Vqa1Q8.jpg', 2018, 6.675, 18),
(105, 'Propeller One-Way Night Coach', 'Di masa keemasan penerbangan, seorang anak pencinta pesawat dan ibunya melakukan perjalanan lintas negara ke Hollywood di mana penerbangan mereka berubah menjadi perjalanan tak terlupakan.', 'https://image.tmdb.org/t/p/w500/joal4OSVC4T1yFb3kph91tkNNFf.jpg', 2026, 6.381, 12),
(106, 'Cisza nocna', '', 'https://image.tmdb.org/t/p/w500/qfqSIq7MVsbepXqiZeVFNl2ARhl.jpg', 2024, 4.7, 27),
(107, 'राजा शिवाजी', '', 'https://image.tmdb.org/t/p/w500/uzmgZmxuMcbDnV11QfYRE8eEzSS.jpg', 2026, 9, 28),
(108, 'Kesong Puti', '', 'https://image.tmdb.org/t/p/w500/8zYU8hlKR5111IToxXvv5575tZG.jpg', 2026, 5.5, 18),
(109, 'F1', 'Legenda balap Sonny Hayes dibujuk untuk memimpin tim Formula 1 yang kesulitan, dan membimbing pembalap muda berbakat, sambil mengejar satu peluang terakhir untuk menebus kesalahan.', 'https://image.tmdb.org/t/p/w500/n2dl40dj2ljN2QGClqhMPpZUDqO.jpg', 2025, 7.788, 28),
(110, 'War Machine', 'Dalam misi terakhir pelatihan Ranger Angkatan Darat yang brutal, seorang insinyur tempur harus memimpin unitnya melawan mesin pembunuh raksasa dari dunia lain.', 'https://image.tmdb.org/t/p/w500/ril8yx5SOmj0KjNlftsdfIp00fr.jpg', 2026, 7.35, 28),
(111, 'The Dark Knight', '', 'https://image.tmdb.org/t/p/w500/qJ2tW6WMUDux911r6m7haRef0WH.jpg', 2008, 8.531, 28),
(112, 'Habitación en Roma', '', 'https://image.tmdb.org/t/p/w500/4kF4qRXFd7MqX2bAJX3e3zQSxhV.jpg', 2010, 6.41, 18),
(113, 'The Godfather', 'Patriark tua dari dinasti kejahatan terorganisir di New York City pascaperang mengalihkan kendali kerajaan klandestinnya kepada putra bungsunya yang enggan.', 'https://image.tmdb.org/t/p/w500/3bhkrj58Vtu7enYsRolD1fZdja1.jpg', 1972, 8.7, 18),
(114, 'They Will Kill You', '', 'https://image.tmdb.org/t/p/w500/6oI4oQKTWMVUlr8Ivqydp28Ruu6.jpg', 2026, 7.003, 28),
(115, 'Apocalypto', 'Berlatar belakang peradaban Maya, saat kehidupan seorang pria yang indah diganggu secara brutal oleh kekuatan penyerang yang kejam, ia dibawa dalam perjalanan berbahaya ke dunia yang dikuasai oleh rasa takut dan penindasan, di mana akhir yang mengerikan menantinya. Melalui likuan takdir dan didorong oleh kekuatan cintanya kepada wanita dan keluarganya, ia akan melakukan perjalanan yang putus asa untuk kembali ke rumah dan pada akhirnya menyelamatkan jalan hidupnya.', 'https://image.tmdb.org/t/p/w500/cRY25Q32kDNPFDkFkxAs6bgCq3L.jpg', 2006, 7.63, 28),
(116, '1000 Men and Me: The Bonnie Blue Story', '', 'https://image.tmdb.org/t/p/w500/5dcgoyf8nt6Xt4VSR6Nrn6nwhuz.jpg', 2025, 5.735, 99),
(117, 'The Lord of the Rings: The Return of the King', 'Aragorn dinyatakan sebagai pewaris raja-raja kuno saat ia, Gandalf dan anggota-anggota lain dari persekutuan yang rusak berjuang untuk menyelamatkan Gondor dari pasukan Sauron. Sementara itu, Frodo dan Sam membawa cincin itu lebih dekat ke jantung Mordor, kerajaan penguasa gelap.', 'https://image.tmdb.org/t/p/w500/rCzpDGLbOoPwLjy3OAm5NUPOTrC.jpg', 2003, 8.5, 12),
(118, 'Salitan', '', 'https://image.tmdb.org/t/p/w500/rMgG7cWuq9O6zhhLs2CbqIKVA8V.jpg', 2024, 4.714, 18),
(119, 'Kraken', '', 'https://image.tmdb.org/t/p/w500/8ExwomWgJoXBdY3u1Otiw2zY9wZ.jpg', 2026, 5.8, 27),
(120, 'Spider-Man: No Way Home', 'Peter Parker menghadapi masalah besar. Hal ini terjadi setelah identitasnya sebagai Spiderman terungkap. Dengan kepergian Tony Stark, Peter Parker pun harus meminta bantuan Doctor Strange agar semua orang bisa melupakan identitasnya sebagai manusia laba-laba.', 'https://image.tmdb.org/t/p/w500/1g0dhYtq4irTY1GPXvft6k4YLjm.jpg', 2021, 7.934, 28),
(121, 'Venganza', '', 'https://image.tmdb.org/t/p/w500/ggJGx8fwwy21gEIXYusIlHcUn8z.jpg', 2026, 7.464, 28),
(122, '火遮眼', '', 'https://image.tmdb.org/t/p/w500/zP19YO60jwEsfKd5Qf1UvA5uJu8.jpg', 2026, 0, 28),
(123, 'Scream 7', '', 'https://image.tmdb.org/t/p/w500/jjyuk0edLiW8vOSnlfwWCCLpbh5.jpg', 2026, 6.149, 27),
(124, 'The Lord of the Rings: The Fellowship of the Ring', 'Hobbit muda Frodo Baggins, setelah mewarisi cincin misterius dari pamannya, Bilbo, harus meninggalkan rumahnya agar tidak jatuh ke tangan penciptanya yang jahat. Sepanjang jalan, persekutuan dibentuk untuk melindungi ringbearer dan memastikan bahwa cincin itu tiba di tujuan akhirnya: Mt. Doom, satu-satunya tempat di mana ia bisa dihancurkan.', 'https://image.tmdb.org/t/p/w500/6oom5QYQ2yQTMJIbnvbkBL9cHo6.jpg', 2001, 8.434, 12),
(125, 'Deadpool & Wolverine', 'Wade Wilson yang lesu bekerja keras dalam kehidupan sipil dengan hari-harinya sebagai tentara bayaran yang fleksibel secara moral, Deadpool, di belakangnya. Namun ketika dunia asalnya menghadapi ancaman eksistensial, Wade terpaksa harus kembali bekerja sama dengan Wolverine yang bahkan lebih enggan.', 'https://image.tmdb.org/t/p/w500/8cdWjvZQUExUUTzyp4t6EDMubfO.jpg', 2024, 7.571, 28),
(126, 'ಕರಿಕಾಡ', '', 'https://image.tmdb.org/t/p/w500/tL0skwRWivuNZHQD89baWynksct.jpg', 2026, 0, 28),
(127, 'Spider-Man: Brand New Day', 'Empat tahun setelah peristiwa Spider-Man: No Way Home, Peter Parker sudah tidak ada lagi dan Spider-Man kini berada di puncak kemampuannya dalam menjaga Kota New York tetap aman. Semuanya berjalan dengan baik hingga serangkaian kejahatan yang tidak biasa menyeret Spider-Man ke dalam jaring misteri yang lebih besar dari apa pun yang pernah ia hadapi sebelumnya. Untuk menghadapi apa yang akan datang, Spider-Man tidak hanya harus berada dalam kondisi fisik dan mental terbaiknya, tetapi juga harus siap menghadapi konsekuensi dari masa lalunya!', 'https://image.tmdb.org/t/p/w500/yyB2VJEW3an2xCdcYCPQhn9QERR.jpg', 2026, 0, 878),
(128, '仙逆剧场版 弑仙之战', 'sanagt mengerikan\n', 'https://image.tmdb.org/t/p/w500/m1dXI1997D7lj6Sh0Z2DI26o2nI.jpg', 2000, 0, 10770),
(129, '9 Songs', '', 'https://image.tmdb.org/t/p/w500/91O7z0vo7MiNWd5xD2BoivwbQsb.jpg', 2004, 5.5, 18),
(130, 'KPop Demon Hunters', 'Saat sedang tidak tampil di konser laris, trio superstar K-pop Rumi, Mira, dan Zoey memakai kekuatan rahasia untuk melindungi penggemar mereka dari ancaman supernatural.', 'https://image.tmdb.org/t/p/w500/zT7Lhw3BhJbMkRqm9Zlx2YGMsY0.jpg', 2025, 8.026, 14),
(131, 'スチュワーデス・スキャンダル　獣のように抱きしめて', '', 'https://image.tmdb.org/t/p/w500/rXP4QwEZFwlBawT6V2QHkshLOnI.jpg', 1984, 5.1, 35),
(132, 'Harry Potter dan Batu Bertuah', 'Harry Potter telah tinggal di bawah tangga di rumah bibinya dan rumah pamannya sepanjang hidupnya. Tetapi pada ulang tahunnya yang ke-11, ia mengetahui bahwa ia adalah penyihir yang kuat - dengan tempat yang menunggunya di Sekolah Sihir dan Penyihir Hogwarts. Ketika dia belajar untuk memanfaatkan kekuatan yang baru ditemukannya dengan bantuan kepala sekolah yang ramah, Harry mengungkap kebenaran tentang kematian orangtuanya - dan tentang penjahat yang harus disalahkan.', 'https://image.tmdb.org/t/p/w500/wuMc08IPKEatf9rnMNXvIDxqP4W.jpg', 2001, 7.899, 12),
(133, 'The Conjuring: Last Rites', '', 'https://image.tmdb.org/t/p/w500/byWgphT74ClOVa8EOGzYDkl8DVL.jpg', 2025, 6.9, 27),
(134, 'Pulp Fiction', 'film yang menggambarkan sebuah perjuangan seorang gadis untuk mendapatkan balas dendam kepada orang yang sudah menhandcurkan hidupnya, saksikanlah kengeriian dan terror yang dihadirkan pada film ini', 'https://image.tmdb.org/t/p/w500/vQWk5YBFWF4bZaofAbv0tShwBvQ.jpg', 1994, 8.483, 53),
(135, '인간중독', '', 'https://image.tmdb.org/t/p/w500/zMCeJiRbV7Z5TFA8JpALExAQra.jpg', 2014, 6.683, 18),
(136, 'Titanic', 'Seorang bangsawan berusia tujuh belas tahun jatuh cinta dengan artis yang baik hati namun miskin di atas kapal R.M.S. Raksasa.', 'https://image.tmdb.org/t/p/w500/9xjZS2rlVxm8SFx8kPC3aIGCOYQ.jpg', 1997, 7.903, 18),
(137, 'Protector', '', 'https://image.tmdb.org/t/p/w500/icOZpnGuH9YrEaW3wrw5GJaXGih.jpg', 2026, 7.708, 28),
(138, 'Parasite', 'Semua menganggur, keluarga Ki-taek memiliki minat khusus pada Taman kaya dan glamor untuk mata pencaharian mereka sampai mereka terjerat dalam insiden tak terduga.', 'https://image.tmdb.org/t/p/w500/jjHccoFjbqlfr4VGLVLT7yek0Xn.jpg', 2019, 8.494, 35),
(139, 'GGS - Ganteng-Ganteng Sange', '', 'https://image.tmdb.org/t/p/w500/39fFH027tOpTyZwSNOydSAsOCzb.jpg', 2023, 6.1, 18),
(140, 'Salvaje despertar', '', 'https://image.tmdb.org/t/p/w500/qWkWESVyw1nsX89AXshyRa31Bk6.jpg', 2016, 5.295, 18),
(141, 'Jurassic World Rebirth', '', 'https://image.tmdb.org/t/p/w500/1RICxzeoNCAO5NpcRMIgg1XT6fm.jpg', 2025, 6.268, 878),
(142, 'Sinners', 'Mencoba untuk meninggalkan kehidupan mereka yang bermasalah, saudara kembar kembali ke kampung halaman mereka untuk memulai kembali, hanya untuk menemukan bahwa kejahatan yang lebih besar sedang menunggu untuk menyambut mereka kembali.', 'https://image.tmdb.org/t/p/w500/oucvKATkCI77ngtPjxAI9SAZW42.jpg', 2025, 7.496, 27),
(143, 'Culpa nuestra', 'Pernikahan Jenna dan Lion mempertemukan kembali Noah dan Nick setelah mereka putus. Ketidakmampuan Nick memaafkan Noah menjadi penghalang yang tak bisa diatasi. Nick, pewaris bisnis kakeknya, dan Noah, yang baru memulai kehidupan profesionalnya, menolak api asmara yang belum padam. Namun, kini setelah mereka bertemu lagi, apakah cinta akan lebih kuat dari kebencian?', 'https://image.tmdb.org/t/p/w500/6kmi6vmp6iOn4KzI7WfnVtAeJhU.jpg', 2025, 7.356, 10749),
(144, 'DOOR', '', 'https://image.tmdb.org/t/p/w500/rmD3Q8wPrzbe5P5gDgbzR0fsDQx.jpg', 1988, 6, 27),
(145, 'The Mortuary Assistant', '', 'https://image.tmdb.org/t/p/w500/72AoFPC5TY4DfJwXXS9rPwPeReD.jpg', 2026, 5.583, 27),
(146, 'Inception', 'Cobb, seorang pencuri terampil yang melakukan spionase perusahaan dengan menyusup ke alam bawah sadar targetnya ditawarkan kesempatan untuk mendapatkan kembali kehidupan lamanya sebagai pembayaran untuk tugas yang dianggap mustahil: \"permulaan\", penanaman ide orang lain ke dalam alam bawah sadar target.', 'https://image.tmdb.org/t/p/w500/xlaY2zyzMfkhk0HSC5VUwzoZPU1.jpg', 2010, 8.372, 28),
(147, 'Kru Penghancur', 'Dalam KRU PENGHANCUR, saudara tiri, Jonny dan James, bertemu kembali setelah kematian misterius ayah mereka. Saat mereka mencari kebenaran, rahasia terpendam mengungkap konspirasi untuk menghancurkan keluarga mereka. Berlatar di Hawaii, film ini disutradarai oleh Ángel Manuel Soto dan dibintangi oleh Claes Bang, Jacob Batalon, Stephen Root, dan Morena Baccarin.', 'https://image.tmdb.org/t/p/w500/2JA7ExQhWpBoGvkTvdIxrqHEeD4.jpg', 2026, 6.962, 28),
(148, 'xXx', 'Seorang penantang maut misterius terkenal yang dianggap tak tersentuh hukum terpaksa bekerja sama dengan pemerintah untuk menyusup ke dalam jaringan kriminal Rusia.', 'https://image.tmdb.org/t/p/w500/xeEw3eLeSFmJgXZzmF2Efww0q3s.jpg', 2002, 5.988, 28),
(149, 'Sniper: No Nation', '', 'https://image.tmdb.org/t/p/w500/tUmARo0TZEK1EaSuS6dU35FhDyU.jpg', 2026, 6.4, 28),
(150, '28 Years Later: The Bone Temple', 'seramnyo', 'https://image.tmdb.org/t/p/w500/kK1BGkG3KAvWB0WMV1DfOx9yTMZ.jpg', 2026, 7.134, 27);

-- --------------------------------------------------------

--
-- Table structure for table `movie_actors`
--

CREATE TABLE `movie_actors` (
  `id` int(11) NOT NULL,
  `movie_id` int(11) NOT NULL,
  `actor_id` int(11) NOT NULL,
  `character_name` varchar(100) DEFAULT NULL,
  `role_type` enum('Utama','Pendukung') DEFAULT 'Utama'
) ENGINE=InnoDB DEFAULT CHARSET=utf8mb4 COLLATE=utf8mb4_general_ci;

--
-- Dumping data for table `movie_actors`
--

INSERT INTO `movie_actors` (`id`, `movie_id`, `actor_id`, `character_name`, `role_type`) VALUES
(4, 2, 4, 'Jake', 'Utama'),
(5, 2, 5, 'Neytiri', 'Pendukung'),
(6, 2, 6, 'Kiri', 'Pendukung'),
(7, 3, 7, 'Mabel (voice)', 'Utama'),
(8, 3, 8, 'King George (voice)', 'Pendukung'),
(9, 3, 9, 'Mayor Jerry Generazzo (voice)', 'Pendukung'),
(10, 4, 10, 'Davis', 'Utama'),
(11, 4, 11, 'Lou', 'Pendukung'),
(12, 4, 12, 'Sharon', 'Pendukung'),
(13, 5, 13, 'Quick Draw Mike', 'Utama'),
(14, 5, 14, 'Future Nick / Present Nick', 'Pendukung'),
(15, 5, 15, 'Alice', 'Pendukung'),
(18, 8, 23, 'Baron \'Bear\' Bailey', 'Utama'),
(19, 8, 24, 'Nikki Freeman', 'Utama'),
(20, 8, 25, 'Ian', 'Pendukung'),
(21, 8, 26, 'Sarah Harper', 'Pendukung'),
(22, 8, 27, 'Carter', 'Pendukung'),
(23, 9, 28, 'Charlie Cannon', 'Utama'),
(24, 9, 29, 'Larissa Cannon', 'Utama'),
(25, 9, 30, 'Detective Dalia Zaki', 'Pendukung'),
(26, 9, 31, 'Katie Cannon', 'Pendukung'),
(27, 9, 32, 'Sebastián Cannon', 'Pendukung'),
(28, 10, 33, 'Karasaami', 'Utama'),
(29, 10, 34, 'Selli', 'Utama'),
(30, 10, 35, 'Kanthasaami', 'Pendukung'),
(31, 10, 36, 'Bharathan', 'Pendukung'),
(32, 10, 37, 'Kasi Maayan', 'Pendukung'),
(33, 11, 38, 'Jack Ryan', 'Utama'),
(34, 11, 39, 'James Greer', 'Utama'),
(35, 11, 40, 'Emma Marlowe', 'Pendukung'),
(36, 11, 41, 'Mike November', 'Pendukung'),
(37, 11, 42, 'Liam Crown', 'Pendukung'),
(38, 12, 43, 'Clark', 'Utama'),
(39, 12, 44, 'Mary', 'Utama'),
(40, 12, 45, 'Phil', 'Pendukung'),
(41, 12, 46, 'Bobby', 'Pendukung'),
(42, 12, 47, 'Kat', 'Pendukung'),
(43, 13, 48, 'Frank Castle', 'Utama'),
(44, 13, 49, 'Karen Page', 'Utama'),
(45, 13, 50, 'Curtis Hoyle', 'Pendukung'),
(46, 13, 51, 'Ma', 'Pendukung'),
(47, 13, 52, 'Maria Castle', 'Pendukung'),
(48, 14, 53, 'Ryland Grace', 'Utama'),
(49, 14, 54, 'Eva Stratt', 'Utama'),
(50, 14, 55, 'Rocky (voice)', 'Pendukung'),
(51, 14, 56, 'Carl', 'Pendukung'),
(52, 14, 57, 'Olesya Ilyukhina', 'Pendukung'),
(53, 15, 58, 'Mario (voice)', 'Utama'),
(54, 15, 59, 'Princess Peach (voice)', 'Utama'),
(55, 15, 60, 'Luigi (voice)', 'Pendukung'),
(56, 15, 61, 'Bowser (voice)', 'Pendukung'),
(57, 15, 62, 'Yoshi (voice)', 'Pendukung'),
(58, 16, 63, 'Hamza Ali Mazari / Jaskirat Singh Rangi', 'Utama'),
(59, 16, 64, 'Major Iqbal', 'Utama'),
(60, 16, 65, 'Ajay Sanyal', 'Pendukung'),
(61, 16, 66, 'SP Chaudhary Aslam', 'Pendukung'),
(62, 16, 67, 'Yalina Jamali', 'Pendukung'),
(63, 17, 68, 'Ollie (voice)', 'Utama'),
(64, 17, 69, 'Ivy (voice)', 'Utama'),
(65, 17, 70, 'Boogle / Firewolf (voice)', 'Pendukung'),
(66, 17, 71, 'Caloo (voice)', 'Pendukung'),
(67, 17, 72, 'Calli (voice)', 'Pendukung'),
(68, 18, 73, 'Барс', 'Utama'),
(69, 18, 2, 'Полина', 'Utama'),
(70, 18, 3, 'Лэйм', 'Pendukung'),
(71, 18, 74, 'Леха', 'Pendukung'),
(72, 18, 75, 'Дилара', 'Pendukung'),
(73, 19, 76, 'Neo', 'Utama'),
(74, 19, 77, 'Morpheus', 'Utama'),
(75, 19, 78, 'Trinity', 'Pendukung'),
(76, 19, 79, 'Agent Smith', 'Pendukung'),
(77, 19, 80, 'Oracle', 'Pendukung'),
(78, 20, 81, 'Antony Varghese', 'Utama'),
(79, 20, 82, 'Maari', 'Utama'),
(80, 20, 83, 'Lucy', 'Pendukung'),
(81, 20, 84, 'Ali', 'Pendukung'),
(82, 20, 85, 'Eddy', 'Pendukung'),
(83, 21, 86, 'Chandni Prasad', 'Utama'),
(84, 21, 87, 'Aarav', 'Utama'),
(85, 21, 88, 'Jyotsna', 'Pendukung'),
(86, 21, 89, 'Kevin', 'Pendukung'),
(87, 21, 90, 'Aarav\'s  Father', 'Pendukung'),
(88, 22, 91, 'Wong Tak Chung', 'Utama'),
(89, 22, 92, 'He Qiuguo', 'Utama'),
(90, 22, 93, 'Fu Longsheng', 'Pendukung'),
(91, 22, 94, 'Xi Meng / Xi Wang', 'Pendukung'),
(92, 22, 95, 'Hu Feng', 'Pendukung'),
(93, 23, 96, 'Ohm Bauman', 'Utama'),
(94, 23, 97, 'Mal', 'Utama'),
(95, 23, 98, 'Jerry', 'Pendukung'),
(96, 23, 99, 'Fiona', 'Pendukung'),
(97, 23, 100, 'Alby / Jack the Jackass', 'Pendukung'),
(98, 24, 101, 'Simon', 'Utama'),
(99, 24, 102, 'Ava', 'Utama'),
(100, 24, 103, 'David', 'Pendukung'),
(101, 24, 104, 'SM-8 Research Lead / The Speaker (voice)', 'Pendukung'),
(102, 24, 105, 'SM-8 Research Assistant / The Whisper (voice)', 'Pendukung'),
(103, 25, 106, 'Sid', 'Utama'),
(104, 25, 107, 'Bronco', 'Utama'),
(105, 25, 15, 'Rachel WIld', 'Pendukung'),
(106, 25, 108, 'Manny Salazar', 'Pendukung'),
(107, 25, 109, 'Ed Glover', 'Pendukung'),
(108, 26, 110, 'Franklin', 'Utama'),
(109, 26, 111, 'Candida', 'Utama'),
(110, 26, 112, 'Atlanta / Lucinda', 'Pendukung'),
(111, 26, 113, 'Brandon', 'Pendukung'),
(112, 26, 114, 'Cooper', 'Pendukung'),
(113, 2, 115, 'Quaritch', 'Pendukung'),
(114, 2, 116, 'Varang', 'Pendukung'),
(115, 27, 117, 'Ajay Markendeya', 'Utama'),
(116, 27, 118, '', 'Utama'),
(117, 27, 119, 'Bhadra', 'Pendukung'),
(118, 27, 120, 'Adikeshava', 'Pendukung'),
(119, 27, 121, 'Solomon', 'Pendukung'),
(120, 28, 122, 'Joe', 'Utama'),
(121, 28, 123, 'Seligman', 'Utama'),
(122, 28, 124, 'Young Joe', 'Pendukung'),
(123, 28, 125, 'Jerôme', 'Pendukung'),
(124, 28, 126, 'L', 'Pendukung'),
(125, 29, 127, 'Johnny Cage', 'Utama'),
(126, 29, 128, 'Kitana', 'Utama'),
(127, 29, 129, 'Sonya Blade', 'Pendukung'),
(128, 29, 130, 'Kano', 'Pendukung'),
(129, 29, 131, 'Shao Kahn', 'Pendukung'),
(130, 30, 132, 'Ai', 'Utama'),
(131, 30, 133, 'Mamiya', 'Utama'),
(132, 30, 134, 'Ichirô', 'Pendukung'),
(133, 30, 135, 'Yûko', 'Pendukung'),
(134, 30, 136, 'Ishida', 'Pendukung'),
(135, 31, 137, 'Prajapati Pandey', 'Utama'),
(136, 31, 138, 'Aparna Pandey', 'Utama'),
(137, 31, 139, 'Nilofer Khan', 'Pendukung'),
(138, 31, 140, 'Chanchal Kumari', 'Pendukung'),
(139, 31, 141, 'Dharamveer Singh', 'Pendukung'),
(140, 32, 142, 'Saravanan aka Vettai Karuppu', 'Utama'),
(141, 32, 143, 'Preethi', 'Utama'),
(142, 32, 144, 'Baby Kannan \'BK\' / Usilampatti Karuppaiah Gandhi \'UKG\'', 'Pendukung'),
(143, 32, 145, 'Mattancherry Sukumaran', 'Pendukung'),
(144, 32, 146, 'Binu Sukumaran', 'Pendukung'),
(145, 33, 147, 'The Mandalorian', 'Utama'),
(146, 33, 148, 'Rotta (voice)', 'Utama'),
(147, 33, 6, 'Colonel Ward', 'Pendukung'),
(148, 33, 149, 'The Mandalorian Suit Performer', 'Pendukung'),
(149, 33, 150, 'The Mandalorian Stunt Performer', 'Pendukung'),
(150, 34, 151, 'Miranda Priestly', 'Utama'),
(151, 34, 152, 'Andy Sachs', 'Utama'),
(152, 34, 153, 'Emily', 'Pendukung'),
(153, 34, 154, 'Nigel', 'Pendukung'),
(154, 34, 155, 'Christian Thompson', 'Pendukung'),
(155, 35, 156, 'Lisa', 'Utama'),
(156, 35, 157, 'Dan', 'Utama'),
(157, 35, 158, 'Michael', 'Pendukung'),
(158, 35, 159, 'Pete', 'Pendukung'),
(159, 35, 160, 'Todd', 'Pendukung'),
(160, 36, 161, 'Nicole', 'Utama'),
(161, 36, 162, 'Jacques', 'Utama'),
(162, 36, 163, 'Catherine', 'Pendukung'),
(163, 36, 164, 'Julien', 'Pendukung'),
(164, 36, 165, 'Daniel', 'Pendukung'),
(165, 37, 166, 'Cole Young', 'Utama'),
(166, 37, 129, 'Sonya Blade', 'Utama'),
(167, 37, 167, 'Jax', 'Pendukung'),
(168, 37, 130, 'Kano', 'Pendukung'),
(169, 37, 168, 'Liu Kang', 'Pendukung'),
(170, 3, 169, 'Dr. Sam (voice)', 'Pendukung'),
(171, 3, 170, 'Insect King (voice)', 'Pendukung'),
(172, 38, 171, 'Rita', 'Utama'),
(173, 38, 172, 'Marlon', 'Utama'),
(174, 38, 173, 'Ariel', 'Pendukung'),
(175, 38, 174, 'Royce', 'Pendukung'),
(176, 38, 175, 'Arabo', 'Pendukung'),
(177, 39, 176, 'Dr. Stephen Fleming', 'Utama'),
(178, 39, 177, 'Anna Barton', 'Utama'),
(179, 39, 178, 'Ingrid Fleming', 'Pendukung'),
(180, 39, 179, 'Martyn Fleming', 'Pendukung'),
(181, 39, 180, 'Peter Wetzler', 'Pendukung'),
(182, 40, 181, 'Rei', 'Utama'),
(183, 40, 182, 'Ann', 'Utama'),
(184, 40, 183, 'Ken', 'Pendukung'),
(185, 40, 184, '', 'Pendukung'),
(186, 40, 185, 'Meg', 'Pendukung'),
(187, 41, 186, 'Tanjiro Kamado (voice)', 'Utama'),
(188, 41, 187, 'Giyu Tomioka (voice)', 'Utama'),
(189, 41, 188, 'Akaza (voice)', 'Pendukung'),
(190, 41, 189, 'Zenitsu Agatsuma (voice)', 'Pendukung'),
(191, 41, 190, 'Kaigaku (voice)', 'Pendukung'),
(192, 42, 191, 'Lily Chen', 'Utama'),
(193, 42, 192, 'Marcel LaFleur', 'Utama'),
(194, 42, 193, 'John', 'Pendukung'),
(195, 42, 194, 'Romeo', 'Pendukung'),
(196, 42, 195, 'Director Bass', 'Pendukung'),
(197, 43, 196, 'Sasha', 'Utama'),
(198, 43, 197, 'Ben', 'Utama'),
(199, 43, 198, 'Tommy', 'Pendukung'),
(200, 43, 199, 'Leah', 'Pendukung'),
(201, 43, 200, 'Cashier', 'Pendukung'),
(202, 44, 201, 'Will Harris (voice)', 'Utama'),
(203, 44, 202, 'Jett Fillmore (voice)', 'Utama'),
(204, 44, 203, 'Lenny Williamson (voice)', 'Pendukung'),
(205, 44, 204, 'Mane Attraction (voice)', 'Pendukung'),
(206, 44, 205, 'Olivia Burke (voice)', 'Pendukung'),
(207, 45, 206, 'Michael Jackson', 'Utama'),
(208, 45, 207, 'Joseph Jackson', 'Utama'),
(209, 45, 208, 'Katherine Jackson', 'Pendukung'),
(210, 45, 209, 'Young Michael Jackson', 'Pendukung'),
(211, 45, 210, 'John Branca', 'Pendukung'),
(212, 46, 211, 'Adam Glenn / He-Man', 'Utama'),
(213, 46, 212, 'Duncan / Man-At-Arms', 'Utama'),
(214, 46, 213, 'Skeletor', 'Pendukung'),
(215, 46, 214, 'Teela', 'Pendukung'),
(216, 46, 215, 'King Randor', 'Pendukung'),
(217, 47, 216, 'Rani Chatterji', 'Utama'),
(218, 47, 63, 'Rocky Randhawa', 'Utama'),
(219, 47, 217, 'Dhanlakshmi Randhawa', 'Pendukung'),
(220, 47, 218, 'Jamini Chatterji', 'Pendukung'),
(221, 47, 219, 'Kanwal Lund', 'Pendukung'),
(222, 48, 220, 'Arjun Acharya', 'Utama'),
(223, 48, 138, 'Priya', 'Utama'),
(224, 48, 221, 'Jagdish Kewalramani', 'Pendukung'),
(225, 48, 222, 'Yashoda', 'Pendukung'),
(226, 48, 223, 'Dr. Vasudev Acharya', 'Pendukung'),
(227, 49, 63, 'Hamza Ali Mazari / Jaskirat Singh Rangi', 'Utama'),
(228, 49, 224, 'Rehman Dakait', 'Utama'),
(229, 49, 65, 'Ajay Sanyal', 'Pendukung'),
(230, 49, 64, 'Major Iqbal', 'Pendukung'),
(231, 49, 66, 'SP Chaudhary Aslam', 'Pendukung'),
(232, 50, 225, 'Vera', 'Utama'),
(233, 50, 226, 'Esther', 'Utama'),
(234, 50, 227, 'Tomás', 'Pendukung'),
(235, 50, 228, 'Say', 'Pendukung'),
(236, 50, 229, 'Policía', 'Pendukung'),
(237, 51, 230, 'Inna', 'Utama'),
(238, 51, 228, 'Alejandra', 'Utama'),
(239, 51, 231, 'Nuria', 'Pendukung'),
(240, 51, 232, 'Elena', 'Pendukung'),
(241, 51, 233, 'David', 'Pendukung'),
(242, 52, 234, 'Judy Hopps (voice)', 'Utama'),
(243, 52, 235, 'Nick Wilde (voice)', 'Utama'),
(244, 52, 236, 'Gary De\'Snake (voice)', 'Pendukung'),
(245, 52, 237, 'Nibbles Maplestick (voice)', 'Pendukung'),
(246, 52, 238, 'Pawbert Lynxley (voice)', 'Pendukung'),
(247, 53, 239, 'Joe Brezzi', 'Utama'),
(248, 53, 240, 'Liliana', 'Utama'),
(249, 53, 241, 'Sergio', 'Pendukung'),
(250, 53, 242, 'Paola', 'Pendukung'),
(251, 53, 243, 'Killed Cardriver', 'Pendukung'),
(252, 54, 244, 'Patton', 'Utama'),
(253, 54, 245, 'Gabriel', 'Utama'),
(254, 54, 246, 'Sammy', 'Pendukung'),
(255, 54, 247, 'Malon James', 'Pendukung'),
(256, 54, 248, 'Luciana', 'Pendukung'),
(257, 55, 249, 'Charlie Kenton', 'Utama'),
(258, 55, 250, 'Max Kenton', 'Utama'),
(259, 55, 251, 'Bailey Tallet', 'Pendukung'),
(260, 55, 252, 'Ricky', 'Pendukung'),
(261, 55, 253, 'Finn', 'Pendukung'),
(262, 56, 254, 'Zoe Reynard', 'Utama'),
(263, 56, 255, 'Jason Reynard', 'Utama'),
(264, 56, 256, 'Balthazar Crayne', 'Pendukung'),
(265, 56, 257, 'Tony', 'Pendukung'),
(266, 56, 258, '10-year-old Zoe', 'Pendukung'),
(267, 57, 259, 'Tessa Young', 'Utama'),
(268, 57, 260, 'Hardin Scott', 'Utama'),
(269, 57, 261, 'Robert Freeman', 'Pendukung'),
(270, 57, 262, 'Trish Daniels', 'Pendukung'),
(271, 57, 263, 'Landon Gibson', 'Pendukung'),
(272, 58, 264, '', 'Utama'),
(273, 58, 265, '', 'Utama'),
(274, 58, 266, '', 'Pendukung'),
(275, 58, 267, '', 'Pendukung'),
(276, 58, 268, '', 'Pendukung'),
(277, 59, 269, 'Andy Dufresne', 'Utama'),
(278, 59, 270, 'Ellis Boyd \'Red\' Redding', 'Utama'),
(279, 59, 271, 'Warden Norton', 'Pendukung'),
(280, 59, 272, 'Heywood', 'Pendukung'),
(281, 59, 273, 'Captain Byron T. Hadley', 'Pendukung'),
(282, 60, 274, 'Louis', 'Utama'),
(283, 60, 275, 'Tommy', 'Utama'),
(284, 60, 276, 'Melanie', 'Pendukung'),
(285, 60, 277, 'Post Office Clerk', 'Pendukung'),
(286, 61, 278, 'Neha Rajvansh', 'Utama'),
(287, 61, 279, 'Sarika Rawat', 'Utama'),
(288, 61, 280, 'Ravi Rajvansh', 'Pendukung'),
(289, 61, 281, 'Alok Rajvansh', 'Pendukung'),
(290, 61, 282, 'Kusum Rawat', 'Pendukung'),
(291, 62, 283, 'Cooper', 'Utama'),
(292, 62, 152, 'Brand', 'Utama'),
(293, 62, 284, 'Professor Brand', 'Pendukung'),
(294, 62, 285, 'Murph', 'Pendukung'),
(295, 62, 286, 'Tom', 'Pendukung'),
(296, 63, 287, 'Jessie', 'Utama'),
(297, 63, 288, 'Murphy', 'Utama'),
(298, 63, 289, 'Alexander', 'Pendukung'),
(299, 63, 290, 'Bailey', 'Pendukung'),
(300, 63, 291, 'Sam', 'Pendukung'),
(301, 64, 292, 'Shorty Meeks', 'Utama'),
(302, 64, 293, 'Ray Wilkins', 'Utama'),
(303, 64, 294, 'Cindy Campbell', 'Pendukung'),
(304, 64, 295, 'Brenda Meeks', 'Pendukung'),
(305, 64, 296, 'Agent Underwood', 'Pendukung'),
(306, 65, 297, 'Kaalidasa', 'Utama'),
(307, 65, 298, 'Satyavathi', 'Utama'),
(308, 65, 66, 'Dhak Deva', 'Pendukung'),
(309, 65, 299, 'Machh Lakshmi', 'Pendukung'),
(310, 65, 300, '', 'Pendukung'),
(311, 66, 301, 'Aang (voice)', 'Utama'),
(312, 66, 302, 'Tagah (voice)', 'Utama'),
(313, 66, 303, 'Katara (voice)', 'Pendukung'),
(314, 66, 304, 'Sokka (voice)', 'Pendukung'),
(315, 66, 305, 'Zuko (voice)', 'Pendukung'),
(316, 67, 306, 'Khaled Al-Azzazi', 'Utama'),
(317, 67, 307, 'Ghali Abu Daoud', 'Utama'),
(318, 67, 308, 'Giulia', 'Pendukung'),
(319, 67, 309, '', 'Pendukung'),
(320, 67, 310, '', 'Pendukung'),
(321, 68, 311, 'Millie Calloway', 'Utama'),
(322, 68, 312, 'Nina Winchester', 'Utama'),
(323, 68, 313, 'Andrew Winchester', 'Pendukung'),
(324, 68, 314, 'Enzo', 'Pendukung'),
(325, 68, 315, 'Mrs. Winchester', 'Pendukung'),
(326, 69, 316, 'Diego', 'Utama'),
(327, 69, 317, 'Betina', 'Utama'),
(328, 69, 318, 'Emilia', 'Pendukung'),
(329, 69, 319, 'Tomás', 'Pendukung'),
(330, 69, 320, 'Lucas', 'Pendukung'),
(331, 70, 321, 'Mason', 'Utama'),
(332, 70, 322, 'Jesse', 'Utama'),
(333, 70, 323, 'Roberta', 'Pendukung'),
(334, 70, 324, 'Booth', 'Pendukung'),
(335, 70, 325, 'Prime Minister Fordham', 'Pendukung'),
(336, 71, 326, 'Miriam Weeks', 'Utama'),
(337, 71, 327, 'Jolie', 'Utama'),
(338, 71, 328, 'Don', 'Pendukung'),
(339, 71, 329, 'Dora', 'Pendukung'),
(340, 71, 330, 'Amy', 'Pendukung'),
(341, 72, 331, 'Damien Sachs', 'Utama'),
(342, 72, 332, 'Alex Fox', 'Utama'),
(343, 72, 333, 'Chris Black', 'Pendukung'),
(344, 72, 334, 'Sunny Black', 'Pendukung'),
(345, 72, 335, 'Ruby', 'Pendukung'),
(346, 73, 336, 'Thia / Tessa', 'Utama'),
(347, 73, 337, 'Dek / Father', 'Utama'),
(348, 73, 338, 'Bud', 'Pendukung'),
(349, 73, 339, 'Kwei (Suit)', 'Pendukung'),
(350, 73, 340, 'Kwei (voice)', 'Pendukung'),
(351, 74, 341, 'John Garrity', 'Utama'),
(352, 74, 342, 'Allison Garrity', 'Utama'),
(353, 74, 343, 'Nathan Garrity', 'Pendukung'),
(354, 74, 344, 'General Sharpe', 'Pendukung'),
(355, 74, 345, 'Adam Shaw', 'Pendukung'),
(356, 75, 346, 'Kwon Se-jeong', 'Utama'),
(357, 75, 347, 'Seo Young-cheol', 'Utama'),
(358, 75, 348, 'Choi Hyun-seok', 'Pendukung'),
(359, 75, 349, 'Kong Seol-hee', 'Pendukung'),
(360, 75, 350, 'Choi Hyun-hee', 'Pendukung'),
(361, 76, 249, 'George Hardy', 'Utama'),
(362, 76, 351, 'Lily (voice)', 'Utama'),
(363, 76, 352, 'Lydia Harbottle', 'Pendukung'),
(364, 76, 353, 'Tim Derry', 'Pendukung'),
(365, 76, 211, 'Elliot Matthews', 'Pendukung'),
(366, 77, 354, 'Tova Sullivan', 'Utama'),
(367, 77, 355, 'Cameron Cassmore', 'Utama'),
(368, 77, 356, 'Ethan Mack', 'Pendukung'),
(369, 77, 357, 'Marcellus (voice)', 'Pendukung'),
(370, 77, 358, 'Janice Kim', 'Pendukung'),
(371, 78, 359, 'Rajaraman', 'Utama'),
(372, 78, 360, 'Neelaveni', 'Utama'),
(373, 78, 361, 'Nila', 'Pendukung'),
(374, 78, 362, 'Ilango', 'Pendukung'),
(375, 78, 363, 'Varun Dhayalan', 'Pendukung'),
(376, 79, 364, 'Will', 'Utama'),
(377, 79, 365, 'Karalis', 'Utama'),
(378, 79, 366, 'Zuzana', 'Pendukung'),
(379, 79, 367, 'Rahim', 'Pendukung'),
(380, 79, 4, 'X', 'Pendukung'),
(381, 80, 368, 'Alexa Hernández', 'Utama'),
(382, 80, 369, 'Regina', 'Utama'),
(383, 80, 370, 'Roy / Sebastián Benavides / Erick López', 'Pendukung'),
(384, 80, 371, 'Claudia', 'Pendukung'),
(385, 80, 372, 'Leticia Letram', 'Pendukung'),
(386, 81, 153, 'Margaret Fairchild', 'Utama'),
(387, 81, 373, 'Daniel Kellner', 'Utama'),
(388, 81, 374, 'Noah Scanlon', 'Pendukung'),
(389, 81, 375, 'Jane Blakenship', 'Pendukung'),
(390, 81, 207, 'Hugo Wakefield', 'Pendukung'),
(391, 82, 376, '', 'Utama'),
(392, 82, 377, '', 'Utama'),
(393, 83, 378, 'Monica', 'Utama'),
(394, 83, 379, 'Sandra Moroni', 'Utama'),
(395, 83, 380, 'Prof. Bruno De Angelis', 'Pendukung'),
(396, 83, 381, 'Leo', 'Pendukung'),
(397, 83, 382, 'Avv. Massimo Moroni', 'Pendukung'),
(398, 84, 383, 'Pawan Malik', 'Utama'),
(399, 84, 384, 'Varsha', 'Utama'),
(400, 84, 385, 'Ashok', 'Pendukung'),
(401, 84, 386, 'Anand Shri', 'Pendukung'),
(402, 84, 387, 'Harihar', 'Pendukung'),
(403, 85, 388, 'Nora', 'Utama'),
(404, 85, 389, 'Ariel', 'Utama'),
(405, 85, 390, 'Eder', 'Pendukung'),
(406, 85, 391, 'Ramírez', 'Pendukung'),
(407, 85, 392, 'Celeste', 'Pendukung'),
(408, 86, 393, 'William Radford', 'Utama'),
(409, 86, 394, 'NASA Scientist Sandra Salas', 'Utama'),
(410, 86, 395, 'NSA Director Donald Briggs', 'Pendukung'),
(411, 86, 396, 'Faith Radford', 'Pendukung'),
(412, 86, 397, 'David Radford', 'Pendukung'),
(413, 87, 398, 'Self (archive footage)', 'Utama'),
(414, 87, 399, 'Self', 'Utama'),
(415, 87, 400, 'Self', 'Pendukung'),
(416, 87, 401, 'Self', 'Pendukung'),
(417, 87, 402, 'Self', 'Pendukung'),
(418, 88, 403, 'Willa', 'Utama'),
(419, 88, 404, 'Dad', 'Utama'),
(420, 88, 405, 'Mom', 'Pendukung'),
(421, 88, 406, 'Rosie', 'Pendukung'),
(422, 88, 407, 'The Man', 'Pendukung'),
(423, 89, 408, 'Iris', 'Utama'),
(424, 89, 409, 'Joaquin', 'Utama'),
(425, 89, 410, 'Jimbo', 'Pendukung'),
(426, 89, 411, 'Benicio', 'Pendukung'),
(427, 89, 412, 'Rosa', 'Pendukung'),
(428, 90, 413, 'Emma Harwood', 'Utama'),
(429, 90, 414, 'Charlie Thompson', 'Utama'),
(430, 90, 415, 'Mike', 'Pendukung'),
(431, 90, 416, 'Rachel', 'Pendukung'),
(432, 90, 417, 'Young Emma', 'Pendukung'),
(433, 91, 418, 'Woody (voice)', 'Utama'),
(434, 91, 419, 'Buzz Lightyear (voice)', 'Utama'),
(435, 91, 420, 'Jessie (voice)', 'Pendukung'),
(436, 91, 421, 'Lilypad (voice)', 'Pendukung'),
(437, 91, 422, 'Smarty Pants (voice)', 'Pendukung'),
(438, 92, 423, 'Young Nezha (voice)', 'Utama'),
(439, 92, 424, 'Youth Nezha / Jie Jie Shou Left (voice)', 'Utama'),
(440, 92, 425, 'Ao Bing (voice)', 'Pendukung'),
(441, 92, 426, 'Li Jing (voice)', 'Pendukung'),
(442, 92, 427, 'Mrs. Yin (voice)', 'Pendukung'),
(443, 93, 428, 'Lhan', 'Utama'),
(444, 93, 429, 'Pran', 'Utama'),
(445, 93, 430, 'M', 'Pendukung'),
(446, 93, 431, 'Poh', 'Pendukung'),
(447, 93, 432, 'Pruek', 'Pendukung'),
(448, 94, 433, 'Noah Morán', 'Utama'),
(449, 94, 434, 'Nick Leister', 'Utama'),
(450, 94, 435, 'Rafaella Leister', 'Pendukung'),
(451, 94, 436, 'William Leister', 'Pendukung'),
(452, 94, 437, 'Jenna', 'Pendukung'),
(453, 95, 156, 'Grace MacCaulley', 'Utama'),
(454, 95, 438, 'Faith MacCaulley', 'Utama'),
(455, 95, 439, 'The Lawyer', 'Pendukung'),
(456, 95, 440, 'Ursula Danforth', 'Pendukung'),
(457, 95, 441, 'Titus Danforth', 'Pendukung'),
(458, 96, 442, 'Linda Liddle', 'Utama'),
(459, 96, 443, 'Bradley Preston', 'Utama'),
(460, 96, 444, 'Zuri', 'Pendukung'),
(461, 96, 445, 'Franklin', 'Pendukung'),
(462, 96, 446, 'Donovan', 'Pendukung'),
(463, 97, 447, 'Vlad / Dracula', 'Utama'),
(464, 97, 448, 'Elisabeta / Mina', 'Utama'),
(465, 97, 449, 'Priest', 'Pendukung'),
(466, 97, 450, 'Maria', 'Pendukung'),
(467, 97, 451, 'Jonathan Harker', 'Pendukung'),
(468, 98, 452, 'Tony Stark / Iron Man', 'Utama'),
(469, 98, 453, 'Steve Rogers / Captain America', 'Utama'),
(470, 98, 10, 'Thor', 'Pendukung'),
(471, 98, 454, 'Thanos', 'Pendukung'),
(472, 98, 11, 'Bruce Banner / Hulk', 'Pendukung'),
(473, 99, 455, 'Georgekutty', 'Utama'),
(474, 99, 456, 'Rani', 'Utama'),
(475, 99, 457, 'Prabhakar', 'Pendukung'),
(476, 99, 458, 'Geetha Prabhakar', 'Pendukung'),
(477, 99, 459, 'IG Thomas Bastin', 'Pendukung'),
(478, 100, 452, 'Tony Stark / Iron Man', 'Utama'),
(479, 100, 453, 'Steve Rogers / Captain America', 'Utama'),
(480, 100, 11, 'Bruce Banner / The Hulk', 'Pendukung'),
(481, 100, 10, 'Thor', 'Pendukung'),
(482, 100, 460, 'Natasha Romanoff / Black Widow', 'Pendukung'),
(483, 101, 4, 'Jake Sully', 'Utama'),
(484, 101, 5, 'Neytiri', 'Utama'),
(485, 101, 6, 'Dr. Grace Augustine', 'Pendukung'),
(486, 101, 115, 'Colonel Miles Quaritch', 'Pendukung'),
(487, 101, 461, 'Trudy Chacon', 'Pendukung'),
(488, 102, 462, 'Agnolella', 'Utama'),
(489, 102, 463, 'Pietro', 'Utama'),
(490, 102, 464, 'Bertrando', 'Pendukung'),
(491, 102, 465, '', 'Pendukung'),
(492, 102, 466, '', 'Pendukung'),
(493, 103, 151, 'Miranda Priestly', 'Utama'),
(494, 103, 152, 'Andy Sachs', 'Utama'),
(495, 103, 153, 'Emily', 'Pendukung'),
(496, 103, 154, 'Nigel', 'Pendukung'),
(497, 103, 467, 'Stuart', 'Pendukung'),
(498, 104, 468, 'Anastasia Steele', 'Utama'),
(499, 104, 469, 'Christian Grey', 'Utama'),
(500, 104, 470, 'Jack Hyde', 'Pendukung'),
(501, 104, 471, 'Kate Kavanagh', 'Pendukung'),
(502, 104, 472, 'Mia Grey', 'Pendukung'),
(503, 105, 473, 'Jeff', 'Utama'),
(504, 105, 474, 'Helen', 'Utama'),
(505, 105, 475, 'Doris / Female Lips Announcer', 'Pendukung'),
(506, 105, 476, 'Liz', 'Pendukung'),
(507, 105, 477, 'Skipper', 'Pendukung'),
(508, 106, 478, 'Lucjan', 'Utama'),
(509, 106, 479, 'Edward', 'Utama'),
(510, 106, 480, 'Emil', 'Pendukung'),
(511, 106, 481, 'Helena', 'Pendukung'),
(512, 106, 482, 'Krysia', 'Pendukung'),
(513, 107, 483, 'Chhatrapati Shivaji Maharaj', 'Utama'),
(514, 107, 66, 'Afzal Khan', 'Utama'),
(515, 107, 484, 'Sambhaji Shahaji Bhosale', 'Pendukung'),
(516, 107, 266, 'Lakhuji Jadhav', 'Pendukung'),
(517, 107, 485, 'Dadoji Kondadeo', 'Pendukung'),
(518, 108, 486, 'Lena', 'Utama'),
(519, 108, 487, 'Manny', 'Utama'),
(520, 108, 488, 'Shena', 'Pendukung'),
(521, 108, 489, 'Eloy', 'Pendukung'),
(522, 108, 490, 'Kim', 'Pendukung'),
(523, 109, 491, 'Sonny Hayes', 'Utama'),
(524, 109, 492, 'Joshua Pearce', 'Utama'),
(525, 109, 493, 'Ruben Cervantes', 'Pendukung'),
(526, 109, 494, 'Kate McKenna', 'Pendukung'),
(527, 109, 495, 'Peter Banning', 'Pendukung'),
(528, 110, 496, '81', 'Utama'),
(529, 110, 497, 'Army Sgt Maj Sheridan', 'Utama'),
(530, 110, 498, '7', 'Pendukung'),
(531, 110, 499, 'Class President', 'Pendukung'),
(532, 110, 500, 'Army Officer Torres', 'Pendukung'),
(533, 111, 501, 'Bruce Wayne', 'Utama'),
(534, 111, 502, 'Joker', 'Utama'),
(535, 111, 503, 'Harvey Dent', 'Pendukung'),
(536, 111, 284, 'Alfred', 'Pendukung'),
(537, 111, 504, 'Rachel', 'Pendukung'),
(538, 112, 505, 'Alba', 'Utama'),
(539, 112, 506, 'Natasha', 'Utama'),
(540, 112, 507, 'Max', 'Pendukung'),
(541, 112, 508, 'Edurne', 'Pendukung'),
(542, 112, 509, 'Boy', 'Pendukung'),
(543, 113, 510, 'Don Vito Corleone', 'Utama'),
(544, 113, 511, 'Michael Corleone', 'Utama'),
(545, 113, 512, 'Sonny Corleone', 'Pendukung'),
(546, 113, 513, 'Tom Hagen', 'Pendukung'),
(547, 113, 514, 'Clemenza', 'Pendukung'),
(548, 114, 515, 'Asia Reaves', 'Utama'),
(549, 114, 516, 'Maria Reaves', 'Utama'),
(550, 114, 517, 'Lily Woodhouse', 'Pendukung'),
(551, 114, 518, 'Ray Woodhouse', 'Pendukung'),
(552, 114, 519, 'Sharon', 'Pendukung'),
(553, 115, 520, 'Jaguar Paw', 'Utama'),
(554, 115, 521, 'Zero Wolf', 'Utama'),
(555, 115, 522, 'Middle Eye', 'Pendukung'),
(556, 115, 523, 'Sky Flower', 'Pendukung'),
(557, 115, 524, 'Chilam', 'Pendukung'),
(558, 4, 525, 'Ormon', 'Pendukung'),
(559, 4, 526, 'Maya', 'Pendukung'),
(560, 116, 527, 'Self', 'Utama'),
(561, 116, 528, 'Self (voice)', 'Utama'),
(562, 116, 529, 'Bunny Delphine (archive footage)', 'Pendukung'),
(563, 116, 530, 'Self (archive footage)', 'Pendukung'),
(564, 116, 531, 'Self (archive footage)', 'Pendukung'),
(565, 117, 439, 'Frodo', 'Utama'),
(566, 117, 532, 'Gandalf', 'Utama'),
(567, 117, 533, 'Aragorn', 'Pendukung'),
(568, 117, 534, 'Sam', 'Pendukung'),
(569, 117, 535, 'Gollum / Smeagol', 'Pendukung'),
(570, 118, 536, 'Kristy', 'Utama'),
(571, 118, 537, 'Albert', 'Utama'),
(572, 118, 538, 'Elmer', 'Pendukung'),
(573, 118, 539, 'Annie', 'Pendukung'),
(574, 118, 540, '(voice)', 'Pendukung'),
(575, 119, 541, 'Johanne', 'Utama'),
(576, 119, 542, 'Erik', 'Utama'),
(577, 119, 543, 'Henriette', 'Pendukung'),
(578, 119, 544, 'Avaldsnes', 'Pendukung'),
(579, 119, 545, 'Maria', 'Pendukung'),
(580, 120, 546, 'Peter Parker / Spider-Man', 'Utama'),
(581, 120, 413, 'MJ', 'Utama'),
(582, 120, 547, 'Doctor Strange', 'Pendukung'),
(583, 120, 548, 'Ned Leeds', 'Pendukung'),
(584, 120, 549, 'Happy Hogan', 'Pendukung'),
(585, 121, 550, 'Carlos Estrada', 'Utama'),
(586, 121, 551, 'Miguel Díaz', 'Utama'),
(587, 121, 552, 'Cnel. Gabriela Rangel', 'Pendukung'),
(588, 121, 553, 'Dolores Ramirez \'Lola\'', 'Pendukung'),
(589, 121, 554, 'Aurelio Salazar \'Chunco\'', 'Pendukung'),
(590, 122, 555, 'Wang Wei', 'Utama'),
(591, 122, 556, 'Navin', 'Utama'),
(592, 122, 557, 'Rainy', 'Pendukung'),
(593, 122, 558, 'Tak', 'Pendukung'),
(594, 122, 559, 'Matia', 'Pendukung'),
(595, 123, 560, 'Sidney Evans', 'Utama'),
(596, 123, 561, 'Gale Weathers', 'Utama'),
(597, 123, 562, 'Tatum Evans', 'Pendukung'),
(598, 123, 563, 'Mindy Meeks-Martin', 'Pendukung'),
(599, 123, 564, 'Chad Meeks-Martin', 'Pendukung'),
(600, 124, 439, 'Frodo', 'Utama'),
(601, 124, 532, 'Gandalf', 'Utama'),
(602, 124, 533, 'Aragorn', 'Pendukung'),
(603, 124, 534, 'Sam', 'Pendukung'),
(604, 124, 565, 'Bilbo', 'Pendukung'),
(605, 125, 566, 'Wade Wilson / Deadpool / Nicepool', 'Utama'),
(606, 125, 249, 'Logan / Wolverine', 'Utama'),
(607, 125, 567, 'Cassandra Nova', 'Pendukung'),
(608, 125, 568, 'Mr. Paradox', 'Pendukung'),
(609, 125, 569, 'Laura / X-23', 'Pendukung'),
(610, 126, 570, '', 'Utama'),
(611, 126, 571, '', 'Utama'),
(612, 126, 572, '', 'Pendukung'),
(613, 126, 573, '', 'Pendukung'),
(614, 126, 574, '', 'Pendukung'),
(615, 127, 546, 'Peter Parker / Spider-Man', 'Utama'),
(616, 127, 413, 'MJ', 'Utama'),
(617, 127, 575, '', 'Pendukung'),
(618, 127, 548, 'Ned Leeds', 'Pendukung'),
(619, 127, 48, 'Frank Castle / Punisher', 'Pendukung'),
(620, 128, 576, '', 'Utama'),
(621, 129, 577, 'Matt', 'Utama'),
(622, 129, 578, 'Lisa', 'Utama'),
(623, 129, 579, 'Himself - The Dandy Warhols (uncredited)', 'Pendukung'),
(624, 129, 580, 'Himself - Franz Ferdinand (uncredited)', 'Pendukung'),
(625, 129, 581, 'Himself - Elbow (uncredited)', 'Pendukung'),
(626, 130, 582, 'Rumi (voice)', 'Utama'),
(627, 130, 583, 'Mira (voice)', 'Utama'),
(628, 130, 584, 'Zoey (voice)', 'Pendukung'),
(629, 130, 585, 'Jinu (voice)', 'Pendukung'),
(630, 130, 586, 'Celine (voice)', 'Pendukung'),
(631, 131, 587, 'Misako', 'Utama'),
(632, 131, 588, 'Harumi', 'Utama'),
(633, 131, 589, 'Yasuko', 'Pendukung'),
(634, 131, 590, 'Aya', 'Pendukung'),
(635, 131, 591, 'Noguchi', 'Pendukung'),
(636, 132, 592, 'Harry Potter', 'Utama'),
(637, 132, 593, 'Ron Weasley', 'Utama'),
(638, 132, 594, 'Hermione Granger', 'Pendukung'),
(639, 132, 595, 'Albus Dumbledore', 'Pendukung'),
(640, 132, 596, 'Draco Malfoy', 'Pendukung'),
(641, 133, 597, 'Ed Warren', 'Utama'),
(642, 133, 598, 'Lorraine Warren', 'Utama'),
(643, 133, 599, 'Judy Warren', 'Pendukung'),
(644, 133, 600, 'Tony Spera', 'Pendukung'),
(645, 133, 601, 'Janet Smurl', 'Pendukung'),
(646, 134, 602, 'Vincent Vega', 'Utama'),
(647, 134, 603, 'Jules Winnfield', 'Utama'),
(648, 134, 604, 'Mia Wallace', 'Pendukung'),
(649, 134, 605, 'Butch Coolidge', 'Pendukung'),
(650, 134, 606, 'Marsellus Wallace', 'Pendukung'),
(651, 135, 607, 'Colonel Kim Jin-pyeong', 'Utama'),
(652, 135, 608, 'Jong Ga-heun', 'Utama'),
(653, 135, 609, 'Lee Sook-jin', 'Pendukung'),
(654, 135, 610, 'Kyung Woo-jin', 'Pendukung'),
(655, 135, 611, 'Lim', 'Pendukung'),
(656, 136, 612, 'Jack Dawson', 'Utama'),
(657, 136, 613, 'Rose DeWitt Bukater', 'Utama'),
(658, 136, 614, 'Cal Hockley', 'Pendukung'),
(659, 136, 615, 'Molly Brown', 'Pendukung'),
(660, 136, 616, 'Ruth DeWitt Bukater', 'Pendukung'),
(661, 137, 405, 'Nikki Halstead', 'Utama'),
(662, 137, 617, 'Colonel Joseph Lavelle', 'Utama'),
(663, 137, 618, 'Chloe Halstead', 'Pendukung'),
(664, 137, 619, 'Captain Michaels', 'Pendukung'),
(665, 137, 620, 'Sullivan', 'Pendukung'),
(666, 138, 621, 'Kim Ki-taek', 'Utama'),
(667, 138, 622, 'Park Dong-ik', 'Utama'),
(668, 138, 609, 'Yeon-kyo', 'Pendukung'),
(669, 138, 623, 'Ki-woo', 'Pendukung'),
(670, 138, 624, 'Ki-jung', 'Pendukung'),
(671, 140, 625, 'Toni', 'Utama'),
(672, 140, 626, 'Emma', 'Utama'),
(673, 140, 627, 'Ramón', 'Pendukung'),
(674, 140, 628, 'Aaron', 'Pendukung'),
(675, 140, 629, '', 'Pendukung'),
(676, 141, 460, 'Zora Bennett', 'Utama'),
(677, 141, 630, 'Duncan Kincaid', 'Utama'),
(678, 141, 631, 'Dr. Henry Loomis', 'Pendukung'),
(679, 141, 632, 'Martin Krebs', 'Pendukung'),
(680, 141, 633, 'Reuben Delgado', 'Pendukung'),
(681, 142, 68, 'Smoke / Stack', 'Utama'),
(682, 142, 634, 'Mary', 'Utama'),
(683, 142, 635, 'Sammie Moore', 'Pendukung'),
(684, 142, 636, 'Remmick', 'Pendukung'),
(685, 142, 637, 'Annie', 'Pendukung'),
(686, 143, 433, 'Noah Morán', 'Utama'),
(687, 143, 434, 'Nick Leister', 'Utama'),
(688, 143, 638, 'Sofía Zabala', 'Pendukung'),
(689, 143, 435, 'Rafaella Leister', 'Pendukung'),
(690, 143, 639, 'Anabel', 'Pendukung'),
(691, 144, 640, 'Yasuko Honda', 'Utama'),
(692, 144, 641, 'Yamakawa', 'Utama'),
(693, 144, 642, 'Satoru Honda', 'Pendukung'),
(694, 144, 643, 'Takuto Honda', 'Pendukung'),
(695, 144, 644, 'The Man Next Door', 'Pendukung'),
(696, 145, 645, 'Rebecca Owens', 'Utama'),
(697, 145, 646, 'Raymond Delver', 'Utama'),
(698, 145, 647, '', 'Pendukung'),
(699, 145, 648, 'The Mimic', 'Pendukung'),
(700, 145, 649, 'Grandma', 'Pendukung'),
(701, 146, 612, 'Dom Cobb', 'Utama'),
(702, 146, 650, 'Arthur', 'Utama'),
(703, 146, 651, 'Saito', 'Pendukung'),
(704, 146, 652, 'Eames', 'Pendukung'),
(705, 146, 653, 'Ariadne', 'Pendukung'),
(706, 147, 302, 'James Hale', 'Utama'),
(707, 147, 654, 'Jonny Hale', 'Utama'),
(708, 147, 655, 'Governor Peter Mahoe', 'Pendukung'),
(709, 147, 342, 'Valentina', 'Pendukung'),
(710, 147, 656, 'Leila Hale', 'Pendukung'),
(711, 148, 657, 'Xander Cage', 'Utama'),
(712, 148, 658, 'Yelena', 'Utama'),
(713, 148, 659, 'Yorgi', 'Pendukung'),
(714, 148, 603, 'Agent Augustus Gibbons', 'Pendukung'),
(715, 148, 660, 'Agent Toby Lee Shavers', 'Pendukung'),
(716, 149, 661, 'Brandon Beckett', 'Utama'),
(717, 149, 662, 'Zero', 'Utama'),
(718, 149, 663, 'Nova', 'Pendukung'),
(719, 149, 664, 'Intel Pete', 'Pendukung'),
(720, 149, 665, 'Thomas Beckett', 'Pendukung'),
(721, 150, 666, 'Dr Kelson', 'Utama'),
(722, 150, 636, 'Sir Jimmy Crystal', 'Utama'),
(723, 150, 667, 'Spike', 'Pendukung'),
(724, 150, 668, 'Jimmy Ink', 'Pendukung'),
(725, 150, 669, 'Samson', 'Pendukung'),
(727, 150, 527, 'amba', '');

-- --------------------------------------------------------

--
-- Table structure for table `ulasan`
--

CREATE TABLE `ulasan` (
  `id` int(11) NOT NULL,
  `user_id` int(11) NOT NULL,
  `movie_id` int(11) NOT NULL,
  `score` int(11) NOT NULL,
  `review` text DEFAULT NULL
) ENGINE=InnoDB DEFAULT CHARSET=utf8mb4 COLLATE=utf8mb4_general_ci;

--
-- Dumping data for table `ulasan`
--

INSERT INTO `ulasan` (`id`, `user_id`, `movie_id`, `score`, `review`) VALUES
(3, 1, 5, 10, 'Alurnya agak lambat di tengah, tapi endingnya juara.'),
(5, 1, 3, 2, 'Biasa saja, ekspektasi saya terlalu tinggi sepertinya.'),
(6, 1, 5, 8, 'Efek suaranya gila sih, berasa nyata banget.'),
(7, 1, 4, 1, 'Sinematografinya sangat artistik, setiap adegan adalah wallpaper.'),
(8, 1, 4, 10, 'Rekomendasi banget buat ditonton bareng keluarga!'),
(9, 1, 3, 3, 'Kurang suka dengan ceritanya, terlalu mudah ditebak.'),
(10, 1, 5, 2, 'Sinematografinya sangat artistik, setiap adegan adalah wallpaper.'),
(11, 1, 5, 7, 'Salah satu film terbaik yang saya tonton tahun ini.'),
(12, 1, 4, 10, 'Rekomendasi banget buat ditonton bareng keluarga!'),
(13, 1, 2, 9, 'Efek suaranya gila sih, berasa nyata banget.'),
(14, 1, 3, 6, 'Filmnya keren banget, visualnya memanjakan mata!'),
(15, 1, 3, 9, 'Gak sabar nunggu sekuelnya keluar!'),
(16, 1, 4, 2, 'Gak sabar nunggu sekuelnya keluar!'),
(17, 1, 4, 7, 'Efek suaranya gila sih, berasa nyata banget.'),
(19, 1, 4, 8, 'Sinematografinya sangat artistik, setiap adegan adalah wallpaper.'),
(20, 1, 5, 1, 'Biasa saja, ekspektasi saya terlalu tinggi sepertinya.'),
(21, 1, 5, 8, 'Gak sabar nunggu sekuelnya keluar!'),
(23, 1, 5, 2, 'Rekomendasi banget buat ditonton bareng keluarga!'),
(24, 1, 3, 7, 'Salah satu film terbaik yang saya tonton tahun ini.'),
(25, 1, 3, 10, 'Rekomendasi banget buat ditonton bareng keluarga!'),
(28, 1, 3, 1, 'Sinematografinya sangat artistik, setiap adegan adalah wallpaper.'),
(29, 1, 3, 8, 'Filmnya keren banget, visualnya memanjakan mata!'),
(30, 1, 5, 5, 'Kurang suka dengan ceritanya, terlalu mudah ditebak.'),
(31, 1, 3, 3, 'Rekomendasi banget buat ditonton bareng keluarga!'),
(32, 1, 4, 8, 'Filmnya keren banget, visualnya memanjakan mata!'),
(34, 1, 4, 10, 'Efek suaranya gila sih, berasa nyata banget.'),
(35, 1, 4, 5, 'Alurnya agak lambat di tengah, tapi endingnya juara.'),
(36, 1, 3, 3, 'Kurang suka dengan ceritanya, terlalu mudah ditebak.'),
(39, 1, 4, 3, 'Sinematografinya sangat artistik, setiap adegan adalah wallpaper.'),
(40, 1, 3, 3, 'Gak sabar nunggu sekuelnya keluar!'),
(41, 1, 2, 4, 'Alurnya agak lambat di tengah, tapi endingnya juara.'),
(43, 1, 2, 6, 'Sinematografinya sangat artistik, setiap adegan adalah wallpaper.'),
(44, 1, 3, 3, 'Sinematografinya sangat artistik, setiap adegan adalah wallpaper.'),
(45, 1, 2, 2, 'Akting aktor utamanya luar biasa, sangat mendalami peran.'),
(47, 1, 3, 10, 'Filmnya keren banget, visualnya memanjakan mata!'),
(48, 1, 3, 1, 'Biasa saja, ekspektasi saya terlalu tinggi sepertinya.'),
(49, 1, 4, 3, 'Gak sabar nunggu sekuelnya keluar!'),
(50, 1, 3, 8, 'Sinematografinya sangat artistik, setiap adegan adalah wallpaper.'),
(51, 1, 2, 1, 'Biasa saja, ekspektasi saya terlalu tinggi sepertinya.'),
(52, 1, 2, 2, 'Sinematografinya sangat artistik, setiap adegan adalah wallpaper.'),
(59, 1, 5, 6, 'Filmnya jelek!'),
(60, 1, 4, 6, 'Filmnya jelek!'),
(61, 1, 4, 6, 'Filmnya bagus!'),
(62, 1, 4, 6, 'Filmnya bagus!'),
(64, 1, 4, 9, 'Filmnya luar biasa keren, visualnya memanjakan mata!'),
(67, 1, 2, 10, 'keren bange ini wok'),
(68, 5, 45, 10, 'keren bingits'),
(69, 5, 124, 3, 'jelek banget ini'),
(70, 5, 124, 3, 'jelek banget ini');

-- --------------------------------------------------------

--
-- Table structure for table `users`
--

CREATE TABLE `users` (
  `id` int(11) NOT NULL,
  `name` varchar(100) NOT NULL,
  `email` varchar(100) NOT NULL,
  `password` varchar(255) NOT NULL,
  `role` enum('admin','user') DEFAULT 'user'
) ENGINE=InnoDB DEFAULT CHARSET=utf8mb4 COLLATE=utf8mb4_general_ci;

--
-- Dumping data for table `users`
--

INSERT INTO `users` (`id`, `name`, `email`, `password`, `role`) VALUES
(1, 'duha', 'duha@email.com', '123', 'user'),
(2, 'admin', 'admin', 'admin123', 'admin'),
(5, 'edward', 'edward@email.com', '12345678', 'user');

--
-- Indexes for dumped tables
--

--
-- Indexes for table `actors`
--
ALTER TABLE `actors`
  ADD PRIMARY KEY (`id`),
  ADD UNIQUE KEY `actor_name` (`actor_name`);

--
-- Indexes for table `genres`
--
ALTER TABLE `genres`
  ADD PRIMARY KEY (`id`),
  ADD UNIQUE KEY `jenis_genre` (`jenis_genre`);

--
-- Indexes for table `movies`
--
ALTER TABLE `movies`
  ADD PRIMARY KEY (`id`),
  ADD UNIQUE KEY `title` (`title`),
  ADD KEY `genre_id` (`genre_id`);

--
-- Indexes for table `movie_actors`
--
ALTER TABLE `movie_actors`
  ADD PRIMARY KEY (`id`),
  ADD KEY `movie_id` (`movie_id`),
  ADD KEY `actor_id` (`actor_id`);

--
-- Indexes for table `ulasan`
--
ALTER TABLE `ulasan`
  ADD PRIMARY KEY (`id`),
  ADD KEY `user_id` (`user_id`),
  ADD KEY `movie_id` (`movie_id`);

--
-- Indexes for table `users`
--
ALTER TABLE `users`
  ADD PRIMARY KEY (`id`),
  ADD UNIQUE KEY `email` (`email`);

--
-- AUTO_INCREMENT for dumped tables
--

--
-- AUTO_INCREMENT for table `actors`
--
ALTER TABLE `actors`
  MODIFY `id` int(11) NOT NULL AUTO_INCREMENT, AUTO_INCREMENT=672;

--
-- AUTO_INCREMENT for table `movies`
--
ALTER TABLE `movies`
  MODIFY `id` int(11) NOT NULL AUTO_INCREMENT, AUTO_INCREMENT=151;

--
-- AUTO_INCREMENT for table `movie_actors`
--
ALTER TABLE `movie_actors`
  MODIFY `id` int(11) NOT NULL AUTO_INCREMENT, AUTO_INCREMENT=728;

--
-- AUTO_INCREMENT for table `ulasan`
--
ALTER TABLE `ulasan`
  MODIFY `id` int(11) NOT NULL AUTO_INCREMENT, AUTO_INCREMENT=73;

--
-- AUTO_INCREMENT for table `users`
--
ALTER TABLE `users`
  MODIFY `id` int(11) NOT NULL AUTO_INCREMENT, AUTO_INCREMENT=6;

--
-- Constraints for dumped tables
--

--
-- Constraints for table `movies`
--
ALTER TABLE `movies`
  ADD CONSTRAINT `movies_ibfk_1` FOREIGN KEY (`genre_id`) REFERENCES `genres` (`id`) ON DELETE SET NULL;

--
-- Constraints for table `movie_actors`
--
ALTER TABLE `movie_actors`
  ADD CONSTRAINT `movie_actors_ibfk_1` FOREIGN KEY (`movie_id`) REFERENCES `movies` (`id`) ON DELETE CASCADE,
  ADD CONSTRAINT `movie_actors_ibfk_2` FOREIGN KEY (`actor_id`) REFERENCES `actors` (`id`) ON DELETE CASCADE;

--
-- Constraints for table `ulasan`
--
ALTER TABLE `ulasan`
  ADD CONSTRAINT `ulasan_ibfk_1` FOREIGN KEY (`user_id`) REFERENCES `users` (`id`) ON DELETE CASCADE,
  ADD CONSTRAINT `ulasan_ibfk_2` FOREIGN KEY (`movie_id`) REFERENCES `movies` (`id`) ON DELETE CASCADE;
COMMIT;

/*!40101 SET CHARACTER_SET_CLIENT=@OLD_CHARACTER_SET_CLIENT */;
/*!40101 SET CHARACTER_SET_RESULTS=@OLD_CHARACTER_SET_RESULTS */;
/*!40101 SET COLLATION_CONNECTION=@OLD_COLLATION_CONNECTION */;
